crim,zn,indus,chas,nox,rm,age,dis,tax,ptratio,b,lstat,1,2,3,4,5,6,7,8,24
1.2877017749508446,-0.5003201214037766,1.0332367854162956,0,0.48925206294731566,-1.428068575799001,0.973,-0.8021729623485582,1.4754435678624171,0.8453428147466576,0.13972796108604313,1.7535050287639358,0,0,0,0,0,0,0,0,1
-0.3363844702296675,-0.5003201214037766,-0.41315955843833585,0,-0.15723342278775473,-0.6800865515280013,0.565,0.3243489253566458,-0.4980534511476521,1.2047413910767284,0.2965479439664486,-0.5614742014374328,0,0,0,1,0,0,0,0,0
-0.40325332070322545,1.0132713455729887,-0.7152182326569738,0,-1.0087228586046046,-0.40206304439330853,0.233,1.3306972032887188,-0.5230777057628903,-0.6371763126148832,0.18511214835432843,-0.6515950473820117,1,0,0,0,0,0,0,0,0
0.38822982743904655,-0.5003201214037766,1.0332367854162956,0,0.48925206294731566,-0.3004503920395121,0.851,-0.8392398028923426,1.4754435678624171,0.8453428147466576,-6.0975041279846405,1.5253866374667204,0,0,0,0,0,0,0,0,1
-0.3252823435023164,-0.5003201214037766,-0.41315955843833585,0,-0.15723342278775473,-0.8310942432204477,0.695,-0.005494278012061597,-0.4980534511476521,1.2047413910767284,0.28153150576370656,-0.1657873622120165,0,0,0,1,0,0,0,0,0
-0.3855187985861683,-0.5003201214037766,-0.5235271509412998,0,-0.5400208814466786,0.1624516909055603,0.147,0.7552920537573229,-0.6697198760989048,0.5757938824991058,0.2903314884608578,-1.0388330573001239,0,0,0,0,1,0,0,0,0
-0.4026948863235853,-0.5003201214037766,-0.841560081969577,0,-0.35288034610231583,-0.3935953233638252,0.345,1.0227934353242536,-1.3012765056825344,0.8453428147466576,0.30063285351307534,-0.6262485594600989,0,0,0,0,1,0,0,0,0
-0.4048451407227654,3.17554486982551,-1.4877913801777205,0,-1.2460510829731375,0.09470992266969605,0.35700000000000004,2.527218574403604,-0.4487303091054217,-0.457477024449847,0.30063285351307534,-0.9416715202661248,0,1,0,0,0,0,0,0,0
1.305052725978856,-0.5003201214037766,1.0332367854162956,0,1.5610569471923015,-0.23129733696540025,1.0,-0.8897897654083273,1.4754435678624171,0.8453428147466576,-4.443532293811152,1.9703583143180785,0,0,0,0,0,0,0,0,1
1.2216937031271158,-0.5003201214037766,1.0332367854162956,0,0.3446434674539444,0.7566034498076196,1.0,-1.1005868674615091,1.4754435678624171,0.8453428147466576,-0.7038235672896715,1.0311301229894212,0,0,0,0,0,0,0,0,1
-0.40294646383198884,-0.5003201214037766,-0.841560081969577,0,-0.35288034610231583,-0.008314016522347985,0.385,1.2450535400297595,-1.3012765056825344,0.8453428147466576,0.27650778880926336,-0.8036739749134885,0,0,0,0,1,0,0,0,0
-0.39939279050700605,-0.5003201214037766,-1.2380120918815392,0,-0.58255282129767,-0.24258763167137762,0.622,-0.5685907935479294,-1.6808581667259133,-0.232852914243553,0.30063285351307534,-0.4234766560847966,0,0,1,0,0,0,0,0,0
-0.3606408290107646,-0.5003201214037766,-0.6948873603537962,0,-0.4464506137744972,1.1955136565024898,0.799,-0.2783513247526189,-0.4980534511476521,-0.4125522024085892,0.2189708669314048,-0.8585913654109661,0,0,0,0,0,0,0,1,0
1.1624770958800208,-0.5003201214037766,1.0332367854162956,0,1.3313844719969472,-0.1522652740235586,0.95,-0.7450928466822742,1.4754435678624171,0.8453428147466576,-1.4346908042047377,0.38197840454487675,0,0,0,0,0,0,0,0,1
-0.39973123558557583,-0.5003201214037766,-1.2380120918815392,0,-0.58255282129767,2.0451083331272857,0.833,-0.501363101763195,-1.6808581667259133,-0.232852914243553,0.29635613969317415,-0.6896147792648809,0,0,1,0,0,0,0,0,0
-0.3123379473972837,-0.5003201214037766,-0.41315955843833585,0,-0.15723342278775473,-1.0117389585160856,0.857,0.3036779369672098,-0.4980534511476521,1.2047413910767284,-0.038995523868829214,0.5706689257413389,0,0,0,1,0,0,0,0,0
-0.3876115173219915,-0.5003201214037766,-0.18806775793887026,0,0.24256681181156475,-0.8593199799853917,0.54,-0.6701605137705681,0.11827374478459846,0.3960945943340696,0.30063285351307534,-0.06299327230648122,0,0,0,0,0,1,0,0,0
-0.3978630187518706,0.7970439931477367,-0.8793174162469068,0,-1.092936099509568,0.2330160328179186,0.185,1.1189135313351317,-0.5568302890522877,-0.7719507787386584,0.24364130550205018,-0.8585913654109661,0,0,0,0,0,1,0,0,0
-0.3839145689137475,0.45108022926733304,-0.7442623359472273,0,-1.067416935598973,-1.020206679545569,0.765,1.9481020428659235,-0.3139529987735212,0.35116977229281177,0.22036357693382383,0.006005500369836974,0,0,0,0,0,0,1,0,0
-0.39133554133652115,0.45108022926733304,-0.7442623359472273,0,-1.067416935598973,0.24148375384740195,0.13,1.6858623674344857,-0.3139529987735212,0.35116977229281177,0.2986558731715478,-0.9233657234336321,0,0,0,0,0,0,1,0,0
7.888587927842054,-0.5003201214037766,1.0332367854162956,0,1.0421672810102056,-0.506498270423599,1.0,-0.9422189086869881,1.4754435678624171,0.8453428147466576,-3.7250349540290477,1.149413733291681,0,0,0,0,0,0,0,0,1
-0.3901306768568127,-0.5003201214037766,-0.1415971926744644,0,-0.08067593105596998,-0.41617591277578,0.826,-0.49835641254291346,0.3723834793916299,-0.232852914243553,0.2929948471562312,-0.30378490756465265,0,0,0,0,0,1,0,0,0
-0.3912001633050932,-0.5003201214037766,-0.5917807936733958,0,-0.9228083401056019,-0.2073054607151991,0.066,0.8985795869113693,-1.2008935266062137,-0.18792809220229514,0.2567718313259762,-0.9360389673945886,0,0,1,0,0,0,0,0,0
-0.367549621214636,-0.5003201214037766,-0.5235271509412998,0,-0.5400208814466786,-0.38795017601083587,0.499,0.42887835528049917,-0.6697198760989048,0.5757938824991058,0.30063285351307534,-0.6699008442145042,0,0,0,0,1,0,0,0,0
-0.4050538485212168,3.17554486982551,-0.992589419078896,0,-1.0844297115393697,0.2824110721565698,0.27699999999999997,2.2207711715302128,-0.1567403390302951,-0.18792809220229514,0.286309791101482,-0.8585913654109661,0,0,0,1,0,0,0,0,0
-0.39689393767689907,-0.5003201214037766,-1.2380120918815392,0,-0.58255282129767,1.1842233617965123,0.922,-0.5203428274662227,-1.6808581667259133,-0.232852914243553,0.29174408804162083,-1.075444650965109,0,0,1,0,0,0,0,0,0
-0.00836124377929961,-0.5003201214037766,1.248163149764172,1,2.6753937712882787,-0.23129733696540025,0.826,-0.9690442140741881,0.195305790042192,-1.6255223975225765,-1.6041468485346413,0.36085633127661604,0,0,0,0,1,0,0,0,0
-0.40312696787389274,0.3645892882972322,-1.111670242568936,0,-0.9661909187536132,2.122729109230881,0.645,0.4164757622468376,-1.3939515471962376,-1.5356727534400585,0.26970212070972566,-1.2247073020608177,0,0,0,0,1,0,0,0,0
-0.3634645891162986,-0.5003201214037766,2.12965168462337,0,0.20854125993077152,-0.991980942780625,0.956,-0.9635476103433608,-1.747746069327643,0.35116977229281177,0.174736480441333,2.0844175099666864,0,1,0,0,0,0,0,0,0
-0.3995778071499575,-0.5003201214037766,-1.12474008904955,0,-0.8207316844632222,0.02414558075733776,0.172,0.6607222818756525,0.36055848005932084,-0.6371763126148832,0.22956438067502644,-0.7205938200583298,0,0,0,1,0,0,0,0,0
-0.25433071723094486,-0.5003201214037766,-0.41315955843833585,0,-0.15723342278775473,-0.344200284025174,1.0,0.17232320165615622,-0.4980534511476521,1.2047413910767284,0.234676998375661,0.08204496413557524,0,0,0,1,0,0,0,0,0
-0.38210501589366097,-0.5003201214037766,-0.1415971926744644,0,-0.08067593105596998,-0.3159745472602312,0.9540000000000001,-0.5920335735623127,0.3723834793916299,-0.232852914243553,0.30063285351307534,0.6523409423786133,0,0,0,0,0,1,0,0,0
-0.14419279161250068,-0.5003201214037766,1.248163149764172,0,2.6753937712882787,-1.5946004227121675,0.938,-1.0704729957396262,0.195305790042192,-1.6255223975225765,0.16661511914274782,2.233680161062395,0,0,0,0,1,0,0,0,0
0.31982218000825796,-0.5003201214037766,1.0332367854162956,0,0.23406042384136644,0.15398396987607696,0.748,-0.7553343818388584,1.4754435678624171,0.8453428147466576,-1.468826439089649,-0.06017699587071319,0,0,0,0,0,0,0,0,1
-0.4034338247451294,-0.5003201214037766,-0.841560081969577,0,-0.35288034610231583,-0.3625470129223871,0.373,0.4716766971504454,-1.3012765056825344,0.8453428147466576,0.29820903019117734,-0.5558416485658967,0,0,0,0,1,0,0,0,0
-0.40554797833592865,3.8242269271012668,-1.403563480635985,0,-1.2375446950029392,0.7057971236307208,0.405,2.1218792838943874,-0.9610007568131305,-1.445823109357541,0.28782345010884447,-1.1979526759210206,0,0,0,0,1,0,0,0,0
-0.40554008128409536,2.0944081076992496,-1.1697584491494433,0,-1.3226085747049219,0.40660431392232094,0.188,1.132866448498001,-0.8729515178940063,-1.221198999151247,0.2345762911402724,-1.1374027325520069,1,0,0,0,0,0,0,0,0
-0.3225228879617107,-0.5003201214037766,-0.41315955843833585,0,-0.15723342278775473,-0.5530707360857549,0.941,0.27783920148041474,-0.4980534511476521,1.2047413910767284,0.29241772743383526,0.5410980231657738,0,0,0,1,0,0,0,0,0
-0.31869394597282436,-0.5003201214037766,-0.41315955843833585,0,-0.15723342278775473,-0.4599258047614418,0.8170000000000001,0.21126922296261683,-0.4980534511476521,1.2047413910767284,0.26787235364982287,0.31157149365067455,0,0,0,1,0,0,0,0,0
-0.39986886991752757,2.526862812549754,-1.2699606055008184,0,-1.3311149626751202,0.04108102281630319,0.201,1.8883910741318928,-0.10642000301543994,-1.580597575481317,0.20585195051992156,-1.0543225776968483,0,0,0,0,1,0,0,0,0
-0.4022233195141114,2.959317517400258,-1.105861421910885,0,-1.3481277386155168,-0.7464170329256179,0.311,1.316979183721184,-0.26046384009939716,-0.9965748889449524,0.30063285351307534,-0.312233736871957,0,0,0,1,0,0,0,0,0
-0.36476985896931613,-0.5003201214037766,-0.05736929313272884,1,-0.5740464333274717,-1.2869398919742843,0.8859999999999999,-0.06727234558503556,-0.7600939849204753,0.12654566208651774,0.29533269195808315,1.6225481745007198,0,0,0,1,0,0,0,0,0
4.277954296135925,-0.5003201214037766,1.0332367854162956,0,1.161256712592981,-1.107706463516894,0.8540000000000001,-1.0339229299055777,1.4754435678624171,0.8453428147466576,0.06512760092606094,2.1013151685812947,0,0,0,0,0,0,0,0,1
-0.4023192122863728,0.7105530521776358,0.5888620050754145,0,-0.786706132582429,-0.09440251365542533,0.773,-0.09076210511848566,-0.8253186771539871,-0.05315362607851843,0.30063285351307534,-0.2629488992460155,0,0,0,1,0,0,0,0,0
-0.2476599647323342,-0.5003201214037766,1.248163149764172,1,2.6753937712882787,-0.263756934245086,0.96,-0.967212012830579,0.195305790042192,-1.6255223975225765,0.03230936750878772,0.37493771345545646,0,0,0,0,1,0,0,0,0
0.6898701318646372,-0.5003201214037766,1.0332367854162956,0,1.5610569471923015,0.12716951994938053,0.972,-0.8188976711363746,1.4754435678624171,0.8453428147466576,0.26528656492284297,0.994518529324436,0,0,0,0,0,0,0,0,1
-0.29565373317405474,-0.5003201214037766,-0.41315955843833585,0,-0.15723342278775473,-0.7097235751311918,1.0,0.1348335454407699,-0.4980534511476521,1.2047413910767284,0.2930910081756281,1.0452115051682613,0,0,0,1,0,0,0,0,0
-0.347717867760708,-0.5003201214037766,-0.6948873603537962,0,-0.4464506137744972,3.3999436978445696,0.83,-0.4292965195145698,-0.4980534511476521,-0.4125522024085892,0.25224460794830283,-1.1021992771049058,0,0,0,0,0,0,0,1,0
0.22246506870687113,-0.5003201214037766,1.0332367854162956,0,1.3313844719969472,0.16950812509679603,0.879,-0.7011200168356555,1.4754435678624171,0.8453428147466576,-1.4402323220554247,0.5298329174227012,0,0,0,0,0,0,0,0,1
0.7125087231701706,-0.5003201214037766,1.0332367854162956,0,1.5610569471923015,-0.09157993997893005,0.966,-0.756461890296464,1.4754435678624171,0.8453428147466576,0.2736467071846746,0.5608119582161506,0,0,0,0,0,0,0,0,1
-0.403795960979199,-0.5003201214037766,-1.2786738364878945,0,-0.8377444604036188,0.16104040406731268,0.5870000000000001,1.0589206854867,-1.3241312129896596,0.17147048412777557,0.29174408804162083,-1.0205272604676312,0,0,1,0,0,0,0,0,0
-0.3923192883648973,-0.5003201214037766,-0.1415971926744644,0,-0.08067593105596998,-0.19742645284746813,0.725,-0.506483869341487,0.3723834793916299,-0.232852914243553,0.28911024496792725,-0.05876885765282918,0,0,0,0,0,1,0,0,0
-0.3878247377214905,-0.5003201214037766,-0.5917807936733958,0,-0.9228083401056019,-0.8946021509415703,0.33799999999999997,0.6070716711012522,-1.2008935266062137,-0.18792809220229514,0.30063285351307534,-0.316458151525609,0,0,1,0,0,0,0,0,0
-0.28826434895861425,-0.5003201214037766,-0.41315955843833585,0,-0.15723342278775473,-0.537546580865037,0.293,0.3243489253566458,-0.4980534511476521,1.2047413910767284,0.2681992920018633,-0.8276123246175172,0,0,0,1,0,0,0,0,0
1.3500095139155435,-0.5003201214037766,1.0332367854162956,0,0.2000348719605732,-0.5502481624092609,0.71,-0.4227193868452038,1.4754435678624171,0.8453428147466576,0.20756786917805842,0.7987873170385537,0,0,0,0,0,0,0,0,1
0.10523333424160405,-0.5003201214037766,1.0332367854162956,0,1.8162485862982507,0.11587922524340316,0.88,-0.6060334702442489,1.4754435678624171,0.8453428147466576,0.22737173864867355,-0.6572276002535479,0,0,0,0,0,0,0,0,1
-0.40351166711320047,-0.5003201214037766,-1.2786738364878945,0,-0.8377444604036188,0.9626513281917064,0.45799999999999996,1.0589206854867,-1.3241312129896596,0.17147048412777557,0.2933794473686331,-1.3401746359273092,0,0,1,0,0,0,0,0,0
7.255323341330113,-0.5003201214037766,1.0332367854162956,0,1.161256712592981,-0.8931908641033238,1.0,-1.1194256546073362,1.4754435678624171,0.8453428147466576,0.2620386636829119,1.4817343527123152,0,0,0,0,0,0,0,0,1
-0.40034156487726336,-0.5003201214037766,-1.2380120918815392,0,-0.58255282129767,-0.22988605012715385,0.688,-0.24828443254980267,-1.6808581667259133,-0.232852914243553,0.2690489363566547,0.09753448453229989,0,0,1,0,0,0,0,0,0
-0.39031794980028794,0.5808166407224844,-0.8502733129566532,0,-0.8802764002546104,-0.8113362274849881,0.662,1.605386451272885,-0.6964971745013704,0.6207187045403636,0.29491667960531076,0.09753448453229989,0,0,0,0,0,0,0,1,0
-0.3949873637342892,-0.5003201214037766,-0.3521669415288032,0,-0.31034840625132426,-0.1706120029207717,0.544,-0.48407463874657564,0.07223899745107881,1.159816569035469,0.2897210141363549,0.07641241126403918,0,0,0,0,1,0,0,0,0
-0.3866774089051389,-0.5003201214037766,-0.5235271509412998,0,-0.5400208814466786,0.08483091480196632,0.5429999999999999,0.3439863643266103,-0.6697198760989048,0.5757938824991058,0.30063285351307534,-0.7867763162988799,0,0,0,0,1,0,0,0,0
-0.3212413092641931,0.3645892882972322,-1.0187291120401243,0,0.7699628659638598,-1.0667791452077262,0.628,-0.8558235731229583,-0.8825858688157717,-2.389244372223976,0.28621311302807073,-0.28266283429639216,0,0,0,0,1,0,0,0,0
-0.2940720665068719,-0.5003201214037766,-0.41315955843833585,0,-0.15723342278775473,0.5053943925996233,0.873,0.2023900938589725,-0.4980534511476521,1.2047413910767284,0.2463714681697918,-0.06721768696013326,0,0,0,1,0,0,0,0,0
-0.3484838817885376,0.3645892882972322,-1.0187291120401243,0,0.7699628659638598,2.9384529017377448,0.915,-0.7139454255409192,-0.8825858688157717,-2.389244372223976,0.2682319811887351,-0.9219575852157481,0,0,0,0,1,0,0,0,0
0.747272673490598,-0.5003201214037766,1.0332367854162956,0,0.48925206294731566,-0.18472487130324436,0.9670000000000001,-0.7693812580398616,1.4754435678624171,0.8453428147466576,0.2446075246377456,0.7847059348597135,0,0,0,0,0,0,0,0,1
-0.3313619452636918,-0.5003201214037766,-0.41315955843833585,0,-0.15723342278775473,-0.7097235751311918,0.903,0.4105093633253414,-0.4980534511476521,1.2047413910767284,0.23518041428920303,0.33128542870105127,0,0,0,1,0,0,0,0,0
-0.3908560774752139,0.040248259659353906,-0.4523690978801783,0,-0.27632285437053106,-0.20307160020045742,0.961,1.0064445626889724,-0.46506551108939675,-1.4008982873162825,0.30063285351307534,0.9424174152627262,0,0,0,0,1,0,0,0,0
-0.39460492079550535,-0.5003201214037766,2.4331625640065204,0,0.44672012309632414,-0.4698048126291728,0.835,-0.7978508465944032,1.6420573276235721,0.8004179927053998,0.30063285351307534,0.12569724888998068,0,0,0,1,0,0,0,0,0
-0.3927209098581335,-0.5003201214037766,-0.3521669415288032,0,-0.31034840625132426,0.22313702495018886,0.971,-0.646107000008315,0.07223899745107881,1.159816569035469,0.29533269195808315,-0.0263816786414961,0,0,0,0,1,0,0,0,0
-0.3981224933121074,-0.5003201214037766,-0.7297402843021006,0,-0.4889825536254887,-0.6575059621160465,0.415,0.05919651974306028,-0.7417609361832016,0.3960945943340696,0.30063285351307534,-0.5192300549009116,0,0,0,0,1,0,0,0,0
-0.2691252797654924,-0.5003201214037766,1.248163149764172,0,0.4126945712155309,0.8850305520881112,0.9740000000000001,-0.9071252079440135,0.195305790042192,-1.6255223975225765,0.18922477764214662,-1.107831829976442,0,0,0,0,1,0,0,0,0
-0.00456276184748464,-0.5003201214037766,1.0332367854162956,0,0.2000348719605732,0.17091941193504365,0.75,-0.4283099496141649,1.4754435678624171,0.8453428147466576,0.2893352995090666,0.26791920889626913,0,0,0,0,0,0,0,0,1
-0.39243210339108725,-0.5003201214037766,-0.1415971926744644,0,-0.08067593105596998,-0.6264576516746084,0.731,-0.6251541345044774,0.3723834793916299,-0.232852914243553,0.09984474305571162,0.41014116890255753,0,0,0,0,0,1,0,0,0
-0.39110878313387937,-0.5003201214037766,-0.1415971926744644,0,-0.08067593105596998,-0.08734607946418962,0.8420000000000001,-0.7289788716423273,0.3723834793916299,-0.232852914243553,0.274362584666939,-0.28266283429639216,0,0,0,0,0,1,0,0,0
-0.39964549616567147,-0.5003201214037766,-1.007111470724023,0,-0.39541228595330735,0.32474967730398524,0.331,-0.3175322436544139,-0.5910359406660014,-0.7719507787386584,0.2815638521344839,-1.0036296018530226,0,0,0,0,1,0,0,0,0
-0.39738919564187286,1.4457260504234932,-1.0956959857592965,0,-1.0163786077777832,1.2166829590761967,0.263,1.255107157110076,0.16349160924132675,-1.4008982873162825,0.2800426776131907,-1.3500316034524977,0,0,0,0,1,0,0,0,0
-0.3942348875096024,0.3645892882972322,-0.5845197678508324,0,-0.786706132582429,0.3134593825980079,0.5870000000000001,0.05135094005888785,-1.3126782373810453,0.12654566208651774,0.29443649523411275,-0.665676429560852,0,0,1,0,0,0,0,0,0
-0.09356704860976903,-0.5003201214037766,1.248163149764172,0,2.6753937712882787,-1.9939945979361176,0.978,-1.1567743722655222,0.195305790042192,-1.6255223975225765,0.30063285351307534,2.370269568197147,0,0,0,0,1,0,0,0,0
0.8459971029094069,-0.5003201214037766,1.0332367854162956,0,0.9485970133380243,-1.9897607374213757,1.0,-1.23743820650339,1.4754435678624171,0.8453428147466576,0.30063285351307534,3.141929311597604,0,0,0,0,0,0,0,0,1
0.4945083510115332,-0.5003201214037766,1.0332367854162956,0,1.2208014283843691,-1.123230618737613,1.0,-1.0688287125722848,1.4754435678624171,0.8453428147466576,0.30063285351307534,1.7042201911379942,0,0,0,0,0,0,0,0,1
0.6062493781521363,-0.5003201214037766,1.0332367854162956,1,1.8162485862982507,-0.14662012667057053,0.9740000000000001,-0.7920723657491746,1.4754435678624171,0.8453428147466576,0.2380293252828697,0.7241559914906998,0,0,0,0,0,0,0,0,1
-0.40025131285631144,1.229498697998241,-0.6643910518990299,1,-0.9313147280758002,0.7199099920131922,0.276,0.49544833379829706,-0.9809873909042665,-0.3227025583260703,0.2895924556653417,-1.1683817733454558,0,0,0,1,0,0,0,0,0
-0.366765556782616,-0.5003201214037766,-0.6948873603537962,1,-0.42093144986390224,0.8963208467940885,0.885,-0.4446588222494463,-0.4980534511476521,-0.4125522024085892,0.2839551905380198,-0.3868650624198112,0,0,0,0,0,0,0,1,0
0.3506962682256564,-0.5003201214037766,1.0332367854162956,0,1.3313844719969472,0.6112409054681601,0.9259999999999999,-0.6974556143484372,1.4754435678624171,0.8453428147466576,-8.70724544989648,0.701625780004555,0,0,0,0,0,0,0,0,1
-0.22342842525699885,-0.5003201214037766,1.583622542766602,0,0.5743159426492987,-1.8302853246994448,1.0,-1.1128485219379702,0.40170811580946847,1.2945910351592456,0.30063285351307534,3.0912363357537775,0,0,0,1,0,0,0,0,0
0.23249545268541785,-0.5003201214037766,1.0332367854162956,1,0.6338606584406868,0.5180959741438471,0.968,-1.1517005842062968,1.4754435678624171,0.8453428147466576,0.22996876073719644,-1.2289317167144698,0,0,0,0,0,0,0,0,1
-0.4006326276448334,0.040248259659353906,-0.713766027492461,0,-1.2545574709433358,-0.6179899306451251,0.214,1.263657429580252,-0.20067733752217723,0.2613201282102929,0.2984324714177456,-0.6135753154991425,0,0,0,1,0,0,0,0,0
0.025689715575607317,-0.5003201214037766,1.0332367854162956,0,1.8162485862982507,-0.09157993997893005,0.9109999999999999,-0.7106568592062361,1.4754435678624171,0.8453428147466576,0.14395454899837226,0.24398085919224036,0,0,0,0,0,0,0,0,1
-0.14764380326365067,-0.5003201214037766,1.248163149764172,0,0.4126945712155309,0.0043875650218770336,0.961,-0.8025018189820263,0.195305790042192,-1.6255223975225765,-0.0656568581471092,-0.19113385013392925,0,0,0,0,1,0,0,0,0
-0.387101593403613,-0.5003201214037766,-0.18806775793887026,0,0.24256681181156475,-1.0540775636635011,0.735,-0.6616102413003921,0.11827374478459846,0.3960945943340696,0.2970273274134688,0.3721214370196884,0,0,0,0,0,1,0,0,0
1.100022697381275,-0.5003201214037766,1.0332367854162956,0,1.161256712592981,-0.6052883491009013,0.9470000000000001,-0.9518497100957025,1.4754435678624171,0.8453428147466576,0.30063285351307534,0.5481387142551942,0,0,0,0,0,0,0,0,1
2.418412937944668,-0.5003201214037766,1.0332367854162956,0,1.161256712592981,-0.46415966527618346,1.0,-1.042661120452021,1.4754435678624171,0.8453428147466576,0.30063285351307534,2.015418737290368,0,0,0,0,0,0,0,0,1
-0.40469622488819473,2.0944081076992496,-1.1697584491494433,0,-1.3226085747049219,0.683216534218766,0.099,1.132866448498001,-0.8729515178940063,-1.221198999151247,0.2893352995090666,-1.045873748389544,1,0,0,0,0,0,0,0,0
-0.3856462795657629,0.45108022926733304,-0.7442623359472273,0,-1.067416935598973,0.5674910134824982,0.175,1.8877803403840236,-0.3139529987735212,0.35116977229281177,0.2905242086164696,-0.8304286010532853,0,0,0,0,0,0,1,0,0
-0.3774220641565169,-0.5003201214037766,-0.3521669415288032,0,-0.31034840625132426,-0.12262825042036815,0.912,-0.5933959796152528,0.07223899745107881,1.159816569035469,0.2824368915468935,0.43548765682447055,0,0,0,0,1,0,0,0,0
0.8436618318672753,-0.5003201214037766,1.0332367854162956,0,1.3739164118479386,0.13422595414061625,1.0,-0.9157694394523231,1.4754435678624171,0.8453428147466576,0.023335366041624794,0.36085633127661604,0,0,0,0,0,0,0,0,1
-0.13873818509621746,-0.5003201214037766,1.248163149764172,0,2.6753937712882787,-0.26234564740683836,1.0,-1.122385364308551,0.195305790042192,-1.6255223975225765,-0.7501378478832744,2.160456973732425,0,0,0,0,1,0,0,0,0
-0.4024218739602057,0.7105530521776358,0.5888620050754145,0,-0.786706132582429,0.17797584612627937,0.536,-0.0668495299134334,-0.8253186771539871,-0.05315362607851843,0.294596576951182,-0.6051264861918382,0,0,0,1,0,0,0,0,0
-0.2800683373059158,-0.5003201214037766,1.248163149764172,1,2.6753937712882787,-1.840164332567176,0.88,-1.0326075033717044,0.195305790042192,-1.6255223975225765,0.11709179824739716,-0.047503751909756815,0,0,0,0,1,0,0,0,0
-0.336816551779975,-0.5003201214037766,-0.6948873603537962,1,-0.42093144986390224,0.7947081944402922,0.777,-0.2518548759988871,-0.4980534511476521,-0.4125522024085892,0.2797187872470496,-0.3558860216263624,0,0,0,0,0,0,0,1,0
-0.4009417408165938,0.9267804046028879,-1.2786738364878945,0,-0.718655028820843,1.2985375956945324,0.41100000000000003,0.10044453748379886,-1.3241312129896596,0.03669601800399886,0.2903314884608578,-0.7783274869915757,0,0,0,0,0,0,1,0,0
-0.40315742793096404,0.5808166407224844,-0.8894828523984956,0,-1.1099488754499647,-0.21012803439169314,0.467,0.748151166859154,-0.7235588389115923,0.3062449502515523,0.2805283576744578,-0.6966554703543011,0,0,0,1,0,0,0,0,0
-0.3886178273556057,0.45108022926733304,-0.7442623359472273,0,-1.067416935598973,0.16527426458205435,0.491,1.8877803403840236,-0.3139529987735212,0.35116977229281177,0.22787807050055875,-0.41361968855960823,0,0,0,0,0,0,1,0,0
-0.07729235293160953,-0.5003201214037766,1.248163149764172,0,0.4126945712155309,-0.3032729657160062,0.93,-0.7163413810133311,0.195305790042192,-1.6255223975225765,-0.33467438311720776,-0.37278368024097086,0,0,0,0,1,0,0,0,0
-0.2357952084279391,-0.5003201214037766,1.248163149764172,1,0.4126945712155309,2.9059933044580606,0.9390000000000001,-0.7733745171605482,0.195305790042192,-1.6255223975225765,0.27341884297384383,-1.2866653836477155,0,0,0,0,1,0,0,0,0
-0.4036098161859857,3.6079995746760147,-1.3817804031682948,0,-1.3055957987645253,0.9301917309120207,0.153,1.806458792879219,0.18897464943547898,-0.5922514905736237,0.30063285351307534,-1.1120562446300941,0,0,1,0,0,0,0,0,0
-0.35493464498607796,-0.5003201214037766,-0.6948873603537962,0,-0.4464506137744972,1.5469240792260348,0.769,-0.06421867684568706,-0.4980534511476521,-0.4125522024085892,0.23269494914925878,-1.014894707596095,0,0,0,0,0,0,0,1,0
-0.39825561504301155,-0.5003201214037766,0.26792466371811197,0,-1.0163786077777832,-0.0605316295374932,0.06,0.20826253374233514,0.16349160924132675,0.17147048412777557,0.29430841526857565,-0.7994495602598363,0,0,0,0,1,0,0,0,0
-0.3179933646601849,-0.5003201214037766,-0.15757144948410381,0,-0.1061950949665649,-0.2736359421128157,0.528,-0.5486714774635637,-0.5230777057628903,0.03669601800399886,0.30063285351307534,-0.9121006176905597,0,0,0,1,0,0,0,0,0
0.12897525650327507,-0.5003201214037766,1.0332367854162956,0,1.3313844719969472,0.2951126537007948,0.865,-0.644744593955375,1.4754435678624171,0.8453428147466576,-2.2961278822589617,0.7987873170385537,0,0,0,0,0,0,0,0,1
-0.3655415137484553,0.45108022926733304,-0.7442623359472273,0,-1.067416935598973,2.742284031221389,0.084,2.3952531053446813,-0.3139529987735212,0.35116977229281177,0.30063285351307534,-1.2556863428542664,0,0,0,0,0,0,1,0,0
-0.39083238631971406,-0.5003201214037766,-0.1415971926744644,0,-0.08067593105596998,-0.8254490958674595,0.652,-0.4928128292930192,0.3723834793916299,-0.232852914243553,0.2833093286554167,0.1623088425549658,0,0,0,0,0,1,0,0,0
-0.4061413853736877,3.3917722222507622,-1.1639496284913924,0,-1.3311149626751202,1.0896671436339516,0.20800000000000002,1.6438626773886764,-0.6875401080442979,-1.355973465275023,0.29366782078719655,-0.6487787709462436,1,0,0,0,0,0,0,0,0
-0.3967100491842095,0.9700258750879384,-0.7108616171634358,0,-1.0504041596585765,0.2527740485533793,0.184,0.7909025292100335,-0.3216867916091793,-0.9965748889449524,0.2575632559242222,-0.5333114370797519,0,0,0,0,0,0,1,0,0
-0.08920787599779008,-0.5003201214037766,1.0332367854162956,0,-0.2082717506089446,-0.7816992038817977,0.40299999999999997,0.13628991053184375,1.4754435678624171,0.8453428147466576,0.28788782095911186,-0.28688724895004425,0,0,0,0,0,0,0,0,1
0.02714051681240982,-0.5003201214037766,1.0332367854162956,1,1.8162485862982507,0.11164536472866149,0.91,-0.6121408077229461,1.4754435678624171,0.8453428147466576,0.28279240154642643,0.11443214314690832,0,0,0,0,0,0,0,0,1
2.3908409455438493,-0.5003201214037766,1.0332367854162956,0,1.161256712592981,-1.3645606680778783,0.96,-0.9891044687157545,1.4754435678624171,0.8453428147466576,0.30063285351307534,1.029721984771537,0,0,0,0,0,0,0,0,1
-0.3735231768513929,-0.5003201214037766,-0.6948873603537962,0,-0.4464506137744972,1.9336166729057596,0.17,-0.20346597135997965,-0.4980534511476521,-0.4125522024085892,0.23729257546460852,-1.202177090574673,0,0,0,0,0,0,0,1,0
-0.3469067277224024,0.3645892882972322,-1.0187291120401243,0,0.7699628659638598,1.6993430577567288,0.894,-0.7838039703934,-0.8825858688157717,-2.389244372223976,0.27315837644762303,-0.7318589258014022,0,0,0,0,1,0,0,0,0
-0.349421374656176,-0.5003201214037766,-0.6948873603537962,0,-0.42093144986390224,1.4707145899606873,0.716,0.15963873150809307,-0.4980534511476521,-0.4125522024085892,0.27868178026387447,-1.0881178949260653,0,0,0,0,0,0,0,1,0
2.3448236963609763,-0.5003201214037766,1.0332367854162956,0,1.2208014283843691,-2.3482275943361564,1.0,-1.099788215637372,1.4754435678624171,0.8453428147466576,0.30063285351307534,2.2280476081908587,0,0,0,0,0,0,0,0,1
0.1424047572209245,-0.5003201214037766,1.0332367854162956,0,0.48925206294731566,0.23724989333266028,0.9359999999999999,-0.7060528663376799,1.4754435678624171,0.8453428147466576,0.2984324714177456,0.8762349190221762,0,0,0,0,0,0,0,0,1
-0.39617079335902156,-0.5003201214037766,-0.7297402843021006,0,-0.4889825536254887,-0.6702075436602704,0.614,-0.2021505448261066,-0.7417609361832016,0.3960945943340696,0.23746005629956377,-0.1474815653795238,0,0,0,0,1,0,0,0,0
-0.40263847881049036,2.959317517400258,-1.3745193773457314,0,-1.297089410794327,1.3705132244451383,0.341,1.644661329212814,-0.3216867916091793,-2.5689436603890115,0.30063285351307534,-1.1796468790885282,0,1,0,0,0,0,0,0,0
-0.34573345145002715,-0.5003201214037766,1.583622542766602,0,0.5743159426492987,-0.23270862380364787,0.9790000000000001,-1.0051244847175678,0.40170811580946847,1.2945910351592456,0.30063285351307534,0.8452558782287274,0,0,0,1,0,0,0,0,0
0.14542932807307657,-0.5003201214037766,1.0332367854162956,0,0.6338606584406868,-1.8994383797735568,1.0,-1.1630696278204866,1.4754435678624171,0.8453428147466576,0.23060876483248016,-1.29511421295502,0,0,0,0,0,0,0,0,1
-0.3849874398128137,0.45108022926733304,-0.7442623359472273,0,-1.067416935598973,-0.12686211093510982,0.792,1.9953634390472252,-0.3139529987735212,0.35116977229281177,0.23269494914925878,-0.32490698083291336,0,0,0,0,0,0,1,0,0
-0.40279641984715625,1.7700670790613715,-0.8226814148309122,0,-1.2885830228241286,-0.1508539871853122,0.313,1.6485136497762995,-0.6169949031790385,-0.7719507787386584,0.30063285351307534,-0.7487565844160108,0,0,0,0,0,1,0,0,0
2.260708812833763,-0.5003201214037766,1.0332367854162956,0,0.9741161772486192,0.09047606215495438,0.9620000000000001,-1.1378886056006279,1.4754435678624171,0.8453428147466576,0.30063285351307534,1.5817121661820825,0,0,0,0,0,0,0,0,1
-0.3955119536060724,0.5808166407224844,-0.8502733129566532,0,-0.8802764002546104,-0.5488368755710145,0.47200000000000003,1.4675485423305996,-0.6964971745013704,0.6207187045403636,0.30063285351307534,-0.45586383509612943,0,0,0,0,0,0,0,1,0
-0.39578722226997587,-0.5003201214037766,-0.1415971926744644,0,-0.08067593105596998,0.5632571529677566,0.816,-0.5311950963706766,0.3723834793916299,-0.232852914243553,0.29645204546623327,-0.32349884261502937,0,0,0,0,0,1,0,0,0
-0.40118203682237835,-0.5003201214037766,-1.1000526012528344,0,-0.5740464333274717,1.0769655620897267,0.631,-0.18495604084762107,-0.8253186771539871,-0.232852914243553,0.29795362043748946,-0.951528487791313,0,1,0,0,0,0,0,0,0
-0.31852472343353955,0.3645892882972322,-1.0187291120401243,0,0.7699628659638598,0.9852319176036612,0.846,-0.7870455572090163,-0.8825858688157717,-2.389244372223976,0.2590787700379159,0.32846915226528295,0,0,0,0,1,0,0,0,0
-0.3972030508486594,0.040248259659353906,-0.4523690978801783,0,-0.27632285437053106,-0.428877494320005,0.6659999999999999,0.823224438328061,-0.46506551108939675,-1.4008982873162825,0.29648401244101136,-0.003851467155351375,0,0,0,0,1,0,0,0,0
-0.015212500319814179,-0.5003201214037766,1.0332367854162956,1,1.3739164118479386,3.477564473948164,0.8290000000000001,-0.8942528197196827,1.4754435678624171,0.8453428147466576,0.1579420154822999,-1.0092621547245588,0,0,0,0,0,0,0,0,1
-0.40030884851966825,-0.5003201214037766,0.13722619891197052,0,0.14049015616918506,0.9316030177502683,0.91,-0.7707906436118687,-0.7971605698402479,1.2047413910767284,0.30063285351307534,-0.9599773170986173,1,0,0,0,0,0,0,0,0
-0.4056957660202375,1.0132713455729887,-1.3745193773457314,0,-0.9738466679267918,1.3055940298857682,0.493,1.5172998530224469,-0.6964971745013704,-1.2661238211925059,0.29373189483978573,-0.981099390366878,1,0,0,0,0,0,0,0,0
-0.25567095974208126,-0.5003201214037766,1.248163149764172,0,0.4126945712155309,-0.35266800505465734,1.0,-0.9635006308242938,0.195305790042192,-1.6255223975225765,0.155585754918316,-0.8487343978857779,0,0,0,0,1,0,0,0,0
-0.22027411712472839,-0.5003201214037766,1.248163149764172,0,2.6753937712882787,-0.2736359421128157,0.973,-1.0289431008844863,0.195305790042192,-1.6255223975225765,0.2214155842318936,0.231307615231284,0,0,0,0,1,0,0,0,0
-0.4010432743401647,-0.5003201214037766,-1.007111470724023,0,-0.39541228595330735,-0.001257582331111028,0.7340000000000001,-0.2305261743425144,-0.5910359406660014,-0.7719507787386584,0.29648401244101136,-0.8684483329361544,0,0,0,0,1,0,0,0,0
0.4583556477187078,-0.5003201214037766,1.0332367854162956,0,1.161256712592981,-0.8028685064555048,0.9890000000000001,-1.0217082549481835,1.4754435678624171,0.8453428147466576,0.2884670112111042,1.050844058039798,0,0,0,0,0,0,0,0,1
-0.397790817135109,-0.5003201214037766,-1.2380120918815392,0,-0.58255282129767,-1.00468252432485,0.898,-0.3853706691870181,-1.6808581667259133,-0.232852914243553,0.28169322934454577,0.21440995661667558,0,0,1,0,0,0,0,0,0
-0.36180959268209234,-0.5003201214037766,-0.15757144948410381,0,-0.1061950949665649,0.09329863583144841,0.672,-0.12952020834867847,-0.5230777057628903,0.03669601800399886,0.2952367012536051,-0.29533607825734853,0,0,0,1,0,0,0,0,0
-0.3817925182711149,0.040248259659353906,-0.4523690978801783,0,-0.27632285437053106,0.0862422016402127,0.943,1.1925774172320318,-0.46506551108939675,-1.4008982873162825,0.2865997809835816,1.125475383587652,0,0,0,0,1,0,0,0,0
1.8587150300111814,-0.5003201214037766,1.0332367854162956,0,1.2208014283843691,-2.749033056398353,0.912,-1.1128015424189033,1.4754435678624171,0.8453428147466576,-0.11451824468949989,2.558960089393609,0,0,0,0,0,0,0,0,1
-0.38329070181891717,-0.5003201214037766,-0.3521669415288032,0,-0.31034840625132426,-0.2524666395391086,0.8740000000000001,-0.5137187152777898,0.07223899745107881,1.159816569035469,0.29286662108817013,0.13837049285093705,0,0,0,0,1,0,0,0,0
-0.40212968304237373,0.5808166407224844,-0.8894828523984956,0,-1.1099488754499647,0.4277736164960281,0.7040000000000001,0.748151166859154,-0.7235588389115923,0.3062449502515523,0.29657990851718985,-0.7374914786729384,0,0,0,1,0,0,0,0,0
-0.387415219176421,-0.5003201214037766,-0.7297402843021006,0,-0.4889825536254887,-0.49379668887937395,0.302,0.018371317673923873,-0.7417609361832016,0.3960945943340696,0.2895281715285527,-0.3277232572686814,0,0,0,0,1,0,0,0,0
-0.37949898878867355,-0.5003201214037766,-0.15757144948410381,0,-0.1061950949665649,-0.7534734671168536,0.7170000000000001,0.10500155083328801,-0.5230777057628903,0.03669601800399886,0.30063285351307534,0.4904050473219481,0,0,0,1,0,0,0,0,0
-0.20406485416175904,-0.5003201214037766,1.248163149764172,0,0.4126945712155309,-0.6194012174833727,0.792,-0.6493955663429981,0.195305790042192,-1.6255223975225765,-0.4025475206020897,-0.04468747547398853,0,0,0,0,1,0,0,0,0
0.31407651072440473,-0.5003201214037766,1.0332367854162956,0,0.23406042384136644,-0.21718446858292884,0.9740000000000001,-0.752703528771112,1.4754435678624171,0.8453428147466576,-0.04174927590721758,1.6394458331153283,0,0,0,0,0,0,0,0,1
-0.4008898459045464,2.526862812549754,-1.2699606055008184,0,-1.3311149626751202,1.023336662236335,0.1,1.8883910741318928,-0.10642000301543994,-1.580597575481317,0.21727036168814318,-1.0867097567081814,0,0,0,0,1,0,0,0,0
-0.40110306630404535,-0.5003201214037766,0.4262150266499943,0,-1.0163786077777832,0.3289835378187269,0.51,1.0110955350765956,-0.6520233967623923,-1.0414997109862119,0.287662508646502,-0.7135531289689097,0,0,0,1,0,0,0,0,0
-0.4029126193241319,2.959317517400258,-1.3745193773457314,0,-1.297089410794327,1.3521664955479253,0.38299999999999995,1.644661329212814,-0.3216867916091793,-2.5689436603890115,0.285568403588336,-0.821979771745981,0,1,0,0,0,0,0,0,0
0.7010737921155592,-0.5003201214037766,1.0332367854162956,0,0.9741161772486192,0.6747488131892827,0.988,-1.151089850458427,1.4754435678624171,0.8453428147466576,0.30063285351307534,1.2367183028004913,0,0,0,0,0,0,0,0,1
-0.16404146732035715,-0.5003201214037766,1.248163149764172,0,2.6753937712882787,-0.9708116402069178,1.0,-1.0765803332183232,0.195305790042192,-1.6255223975225765,-0.7770436207686406,0.5903828607917151,0,0,0,0,1,0,0,0,0
0.25529198502761724,-0.5003201214037766,1.0332367854162956,0,1.161256712592981,0.12575823311113415,0.96,-1.0013191436731488,1.4754435678624171,0.8453428147466576,0.30063285351307534,0.9733964560561754,0,0,0,0,0,0,0,0,1
-0.13994756217697354,-0.5003201214037766,1.248163149764172,0,2.6753937712882787,-1.9615350006564318,0.9570000000000001,-1.1027949048576533,0.195305790042192,-1.6255223975225765,0.2839874749750001,2.4040648854263647,0,0,0,0,1,0,0,0,0
0.4239572180831359,-0.5003201214037766,1.0332367854162956,0,1.0421672810102056,-0.17343457659726697,0.7809999999999999,-0.8797361483280106,1.4754435678624171,0.8453428147466576,-1.48467633834735,1.2761461729012447,0,0,0,0,0,0,0,0,1
-0.40231582783558717,1.7700670790613715,-0.8226814148309122,0,-1.2885830228241286,0.3515641272306817,0.22899999999999998,1.6485136497762995,-0.6169949031790385,-0.7719507787386584,0.21774673369811043,-0.4150278267774923,0,0,0,0,0,1,0,0,0
-0.3901983658725266,-0.5003201214037766,2.12965168462337,0,0.20854125993077152,-0.6490382410865632,0.97,-0.8756019506501234,-1.747746069327643,0.35116977229281177,0.21294076985412336,1.823911939658138,0,1,0,0,0,0,0,0,0
-0.38375888417760534,-0.5003201214037766,2.4331625640065204,0,0.44672012309632414,-1.7258500986691545,0.98,-0.932823004873608,1.6420573276235721,0.8004179927053998,0.022065171602410966,2.425186958694625,0,0,0,1,0,0,0,0,0
-0.3941852488980788,-0.5003201214037766,-1.175567269807494,0,-0.9483275040161968,-0.2157731817446812,0.696,-0.14704356896063236,-0.76931020756443,-0.14300327016103573,0.2843748239446103,-0.15733853290471217,0,1,0,0,0,0,0,0,0
0.055084798799655846,-0.5003201214037766,1.248163149764172,0,2.6753937712882787,-1.1966175343264653,1.0,-1.1258148692004348,0.195305790042192,-1.6255223975225765,0.30063285351307534,1.9661338996644266,0,0,0,0,1,0,0,0,0
-0.3967258432878761,0.7970439931477367,-0.8793174162469068,0,-1.092936099509568,0.40942688759881496,0.42200000000000004,1.1189135313351317,-0.5568302890522877,-0.7719507787386584,0.2581235488263633,-0.7163694054046776,0,0,0,0,0,1,0,0,0
-0.3963287343956875,1.229498697998241,-0.6643910518990299,0,-0.9313147280758002,0.7594260234841137,0.428,0.2156852977549052,-0.9809873909042665,-0.3227025583260703,0.30063285351307534,-1.334542083055773,0,0,0,1,0,0,0,0,0
-0.3935320498964391,-0.5003201214037766,-1.175567269807494,0,-0.9483275040161968,2.4741395319544273,0.76,-0.14704356896063236,-0.76931020756443,-0.14300327016103573,0.30063285351307534,-1.1613410822560357,0,1,0,0,0,0,0,0,0
-0.40523548071338256,3.3917722222507622,-1.3019091191200973,0,-1.2460510829731375,0.5816038818649697,0.361,3.907899660260739,-1.7613369430546109,-0.5922514905736237,0.2603622412944915,-1.1205050739373983,0,0,0,0,1,0,0,0,0
-0.39667282022556677,-0.5003201214037766,2.12965168462337,0,0.20854125993077152,-0.5008531230706097,0.929,-0.8086561359797904,-1.747746069327643,0.35116977229281177,0.23923399080730856,0.7706245526808729,0,1,0,0,0,0,0,0,0
-0.3958729616898802,-0.5003201214037766,-1.2380120918815392,0,-0.58255282129767,0.3487415535541864,0.956,-0.4515648115522806,-1.6808581667259133,-0.232852914243553,0.30063285351307534,-0.9543447642270811,0,0,1,0,0,0,0,0,0
-0.40470750639081365,3.0674311936128844,-1.3004569139555846,0,-1.2035191431221461,1.8263588731989753,0.157,1.156544126107719,-0.17861414529624323,-1.6255223975225765,0.2957805522633151,-1.3162362862232806,0,1,0,0,0,0,0,0,0
-0.36882555916084414,0.45108022926733304,-0.7442623359472273,0,-1.067416935598973,-0.29339395784827643,0.349,1.9953634390472252,-0.3139529987735212,0.35116977229281177,0.2790383473389735,-0.4643126644034338,0,0,0,0,0,0,1,0,0
-0.13882505266638373,-0.5003201214037766,1.0332367854162956,0,0.22555403587116812,-0.6278689385128549,0.419,-0.039554429335564266,1.4754435678624171,0.8453428147466576,0.2143742444927501,0.12428911067209666,0,0,0,0,0,0,0,0,1
-0.40317322203463063,0.9700258750879384,-0.7108616171634358,0,-1.0504041596585765,0.3868462981868602,0.40399999999999997,0.7909025292100335,-0.3216867916091793,-0.9965748889449524,0.29696342011920385,-0.4164359649953763,0,0,0,0,0,0,1,0,0
-0.4023113152345395,2.959317517400258,-1.3178833759297368,0,-1.2205319190625428,-0.9214166008682666,0.21899999999999997,3.184039230477938,-0.2832504251640951,1.6539896114893164,0.25489021045850424,-0.6206160065885625,0,0,0,1,0,0,0,0,0
5.361723126732119,-0.5003201214037766,1.0332367854162956,0,0.3446434674539444,-0.7887556380730334,1.0,-1.125251114971632,1.4754435678624171,0.8453428147466576,-6.0579822383928486,-0.33053953370444966,0,0,0,0,0,0,0,0,1
0.7115723584527943,-0.5003201214037766,1.0332367854162956,0,1.161256712592981,-0.6546833884395512,0.778,-1.084191015307161,1.4754435678624171,0.8453428147466576,0.09808833135130793,2.466022967013262,0,0,0,0,0,0,0,0,1
-0.40494667424633635,2.959317517400258,-1.339666453397427,0,-1.4587107822280947,-0.1212169635821205,0.315,2.480990727641774,-1.114867373419468,-0.05315362607851843,0.11088770957164276,0.06655544373885083,1,0,0,0,0,0,0,0,0
-0.38809549378434627,-0.5003201214037766,2.12965168462337,0,0.20854125993077152,-0.4655709521144311,0.884,-0.8528168839026767,-1.747746069327643,0.35116977229281177,0.2622028992626494,0.33128542870105127,0,1,0,0,0,0,0,0,0
-0.40098235422602213,0.9267804046028879,-1.2786738364878945,0,-0.718655028820843,0.4235397559812864,0.581,-0.20586192683239163,-1.3241312129896596,0.03669601800399886,0.2893031513123863,-0.49669984341476686,0,0,0,0,0,0,1,0,0
-0.33781609291201775,-0.5003201214037766,-0.6948873603537962,0,-0.42093144986390224,0.42636232965778165,0.8079999999999999,-0.2518548759988871,-0.4980534511476521,-0.4125522024085892,0.30063285351307534,-0.6839822263933447,0,0,0,0,0,0,0,1,0
0.9520545090305611,-0.5003201214037766,1.0332367854162956,0,0.48925206294731566,-0.942585903441975,0.8759999999999999,-0.8724073433535741,1.4754435678624171,0.8453428147466576,-0.08946114337282549,0.231307615231284,0,0,0,0,0,0,0,0,1
-0.3942743727687688,-0.5003201214037766,0.42185841115645634,1,-0.05515676714537506,0.08059705428722465,0.924,-0.20900955460987392,-0.76931020756443,-0.8618004228211772,0.2905242086164696,-0.27562214320697187,0,0,0,0,1,0,0,0,0
-0.30774524768109157,-0.5003201214037766,1.583622542766602,0,0.5743159426492987,-0.958110058662694,0.9470000000000001,-0.8589242213813737,0.40170811580946847,1.2945910351592456,0.30063285351307534,0.8283582196141187,0,0,0,1,0,0,0,0,0
0.5847197585540499,-0.5003201214037766,1.0332367854162956,0,0.23406042384136644,-1.0597227110164893,0.706,-0.819649343441445,1.4754435678624171,0.8453428147466576,-5.629010870563835,0.6621979099038016,0,0,0,0,0,0,0,0,1
-0.3982668965456305,2.959317517400258,-0.8764130059178814,0,-1.2375446950029392,1.1743443539287812,0.27699999999999997,0.614729332709157,-1.0729193845096856,0.3960945943340696,0.30063285351307534,-1.2528700664184984,0,0,0,1,0,0,0,0,0
-0.40149679074544825,1.0132713455729887,-0.7152182326569738,0,-1.0087228586046046,-0.8607312668236381,0.284,1.3306972032887188,-0.5230777057628903,-0.6371763126148832,0.2914231812115057,-0.003851467155351375,1,0,0,0,0,0,0,0,0
9.630688843769592,-0.5003201214037766,1.0332367854162956,0,0.9741161772486192,0.920312723044291,0.919,-1.1236068318042904,1.4754435678624171,0.8453428147466576,0.30063285351307534,0.6692386009932219,0,0,0,0,0,0,0,0,1
0.24987235116945303,-0.5003201214037766,1.0332367854162956,0,-0.2082717506089446,-0.10428152152315506,0.647,-0.18039902749813172,1.4754435678624171,0.8453428147466576,0.30063285351307534,-0.24182682597775476,0,0,0,0,0,0,0,0,1
0.17967432927303015,-0.5003201214037766,1.0332367854162956,1,1.8162485862982507,-0.26657950792158003,0.8340000000000001,-0.5099603537524378,1.4754435678624171,0.8453428147466576,0.2959404639412577,-0.13762459785433548,0,0,0,0,0,0,0,0,1
-0.39125318636740253,-0.5003201214037766,0.4262150266499943,0,-1.0163786077777832,-0.7421831724108763,0.58,1.1800338856411694,-0.6520233967623923,-1.0414997109862119,0.30063285351307534,0.4763236651431077,0,0,0,1,0,0,0,0,0
-0.397913785513656,-0.5003201214037766,0.4262150266499943,0,-1.0163786077777832,-0.4331113548347454,0.423,0.7960702763073925,-0.6520233967623923,-1.0414997109862119,0.30063285351307534,-0.28970352538581223,0,0,0,1,0,0,0,0,0
0.33050689113870635,-0.5003201214037766,1.0332367854162956,1,0.6338606584406868,0.9880544912801552,0.975,-1.224189982126524,1.4754435678624171,0.8453428147466576,0.28508465571939084,-1.3373583594915412,0,0,0,0,0,0,0,0,1
1.13593172021753,-0.5003201214037766,1.0332367854162956,0,1.5610569471923015,-0.537546580865037,0.879,-0.933762595254946,1.4754435678624171,0.8453428147466576,-1.9127957030445548,3.036318945256301,0,0,0,0,0,0,0,0,1
-0.3932545249320119,-0.5003201214037766,-0.1415971926744644,0,-0.08067593105596998,-0.5685948913064739,0.929,-0.6834557176665008,0.3723834793916299,-0.232852914243553,0.294404476458842,0.5284247792048175,0,0,0,0,0,1,0,0,0
-0.4006427809971905,-0.5003201214037766,-1.2380120918815392,0,-0.58255282129767,0.9372481651032577,0.584,-0.46002112498432257,-1.6808581667259133,-0.232852914243553,0.30063285351307534,-1.04446561017166,0,0,1,0,0,0,0,0,0
-0.1098417442879285,-0.5003201214037766,-0.15757144948410381,0,-0.1061950949665649,-1.8952045192588152,0.37799999999999995,-0.6054697160154462,-0.5230777057628903,0.03669601800399886,0.1432330555891866,0.02571943542021367,0,0,0,1,0,0,0,0,0
-0.40434537015674404,-0.5003201214037766,-1.320787786258762,0,-0.3273611821917209,0.3162819562745019,0.597,1.155087761016645,0.31270199784446595,-1.0864245330274704,0.27832511262244247,-0.53612771351552,1,0,0,0,0,0,0,0,0
-0.4014291017297343,-0.5003201214037766,-0.841560081969577,0,-0.35288034610231583,0.00015370450713536057,0.381,1.2450535400297595,-1.3012765056825344,0.8453428147466576,0.27751413003879283,-0.9543447642270811,0,0,0,0,1,0,0,0,0
0.1383727481848964,-0.5003201214037766,1.0332367854162956,0,0.22555403587116812,-0.5798851860124513,0.532,-0.30813633984103384,1.4754435678624171,0.8453428147466576,0.27266985706633695,-0.14184901250798776,0,0,0,0,0,0,0,0,1
0.5179851579616579,-0.5003201214037766,1.0332367854162956,0,1.3313844719969472,-0.5361352940267894,0.8029999999999999,-0.4834169254796391,1.4754435678624171,0.8453428147466576,-5.682078693455822,0.6312188691103527,0,0,0,0,0,0,0,0,1
-0.36976869277979196,-0.5003201214037766,-0.6948873603537962,0,-0.42093144986390224,2.7253485891624223,0.7040000000000001,-0.07342666258279956,-0.4980534511476521,-0.4125522024085892,0.2421071662037701,-1.1979526759210206,0,0,0,0,0,0,0,1,0
-0.36551218184164586,-0.5003201214037766,-0.15757144948410381,0,-0.1061950949665649,0.3543867009071757,0.873,-0.09672850403998208,-0.5230777057628903,0.03669601800399886,0.29677167885653266,-0.4474150057888253,0,0,0,1,0,0,0,0,0
-0.15419158738371425,-0.5003201214037766,1.248163149764172,0,0.4126945712155309,-0.6518608147630572,0.9179999999999999,-0.6512277675866072,0.195305790042192,-1.6255223975225765,0.29491667960531076,-0.11509438636819075,0,0,0,0,1,0,0,0,0
-0.3707648494610491,-0.5003201214037766,1.583622542766602,0,0.5743159426492987,-0.527667572997306,0.935,-0.8650315588600708,0.40170811580946847,1.2945910351592456,0.23976902957083232,0.6255863162388162,0,0,0,1,0,0,0,0,0
-0.40189954038894626,2.959317517400258,-1.3745193773457314,0,-1.297089410794327,1.116481593560648,0.366,1.644661329212814,-0.3216867916091793,-2.5689436603890115,0.15708570134164476,-0.5417602663870563,0,1,0,0,0,0,0,0,0
-0.3323095914836872,0.3645892882972322,-1.0187291120401243,0,0.7699628659638598,1.4354324190045087,1.0,-0.8989977511454397,-0.8825858688157717,-2.389244372223976,0.2565079130220104,-0.6572276002535479,0,0,0,0,1,0,0,0,0
-0.342262133094163,-0.5003201214037766,-0.6948873603537962,0,-0.42093144986390224,2.8523644046046677,0.733,0.014190140476969681,-0.4980534511476521,-0.4125522024085892,0.26512272936239656,-1.4063571321678592,0,0,0,0,0,0,0,1,0
-0.3878337629235857,-0.5003201214037766,-0.1415971926744644,0,-0.08067593105596998,-0.5474255887327668,0.882,-0.6319191852501113,0.3723834793916299,-0.232852914243553,0.12308228878806349,0.4650585594000353,0,0,0,0,0,1,0,0,0
-0.39938038085412514,-0.5003201214037766,2.12965168462337,0,0.20854125993077152,-0.6292802253511025,0.6970000000000001,-0.7284151174135246,-1.747746069327643,0.35116977229281177,0.2756956395689361,0.2693273471141531,0,1,0,0,0,0,0,0,0
-0.3989911690137699,2.0944081076992496,-1.3498318895490158,0,-1.2375446950029392,-0.6095222096156417,0.185,3.242575711235296,0.24539649931362362,-0.008228804037258987,0.28598750210981794,-0.6572276002535479,0,0,0,1,0,0,0,0,0
-0.3715895273024975,-0.5003201214037766,-0.6948873603537962,0,-0.4464506137744972,2.752163039089119,0.7829999999999999,-0.4292965195145698,-0.4980534511476521,-0.4125522024085892,0.2623014303732726,-1.1711980497812242,0,0,0,0,0,0,0,1,0
1.9299351560448854,-0.5003201214037766,1.0332367854162956,0,0.8720395216062394,-3.0736290291952026,1.0,-1.2356060052597808,1.4754435678624171,0.8453428147466576,0.21263338519978514,1.532427328556141,0,0,0,0,0,0,0,0,1
-0.4002242372500258,-0.5003201214037766,-0.841560081969577,0,-0.35288034610231583,-0.4909741152028799,0.585,0.4716766971504454,-1.3012765056825344,0.8453428147466576,0.30063285351307534,-0.4460068675709413,0,0,0,0,1,0,0,0,0
-0.3779274754738478,-0.5003201214037766,1.583622542766602,0,0.5743159426492987,-0.8790779957208524,0.96,-0.9489369799135549,0.40170811580946847,1.2945910351592456,0.28527817707336645,0.6664223245574539,0,0,0,1,0,0,0,0,0
-0.40592703682392683,1.8781807552739975,-1.2685084003363056,0,-1.4246852303473017,0.1935000013469984,0.319,1.6438626773886764,-0.5568302890522877,-1.355973465275023,0.29366782078719655,-0.5952695186666498,1,0,0,0,0,0,0,0,0
1.6330511331234618,-0.5003201214037766,1.0332367854162956,0,1.0421672810102056,0.16668555142030198,1.0,-0.927138483066513,1.4754435678624171,0.8453428147466576,-3.0867571120289896,2.33647425096793,0,0,0,0,0,0,0,0,1
-0.3923655425256352,-0.5003201214037766,-0.3521669415288032,0,-0.31034840625132426,-0.26657950792158003,0.852,-0.7919784067110408,0.07223899745107881,1.159816569035469,0.27094224226636227,0.22989947701339997,0,0,0,0,1,0,0,0,0
1.6797114279556178,-0.5003201214037766,1.0332367854162956,0,0.9485970133380243,-3.0736290291952026,1.0,-1.254914587596277,1.4754435678624171,0.8453428147466576,0.30063285351307534,3.5925335413204977,0,0,0,0,0,0,0,0,1
0.441883525744716,-0.5003201214037766,1.0332367854162956,0,1.3313844719969472,0.1426936751700996,0.983,-0.762569227775161,1.4754435678624171,0.8453428147466576,-0.035707231261695616,0.9649476267488709,0,0,0,0,0,0,0,0,1
-0.3699548375730054,-0.5003201214037766,1.583622542766602,0,0.5743159426492987,-0.6970219935869667,0.9540000000000001,-0.628724577953562,0.40170811580946847,1.2945910351592456,0.2741999208206262,0.3622644694945001,0,0,0,1,0,0,0,0,0
1.1183438576345197,-0.5003201214037766,1.0332367854162956,0,0.6338606584406868,-3.4617329097131746,1.0,-1.0793991043623372,1.4754435678624171,0.8453428147466576,-1.0971091753398725,0.12288097245421264,0,0,0,0,0,0,0,0,1
-0.3933222139477258,-0.5003201214037766,-0.5917807936733958,0,-0.9228083401056019,-0.34843414453991567,0.4,0.8985795869113693,-1.2008935266062137,-0.18792809220229514,0.2764753128519779,-0.409395273905956,0,0,1,0,0,0,0,0,0
-0.3869707279732327,-0.5003201214037766,-0.18806775793887026,0,0.24256681181156475,-0.9115375930005369,0.28800000000000003,-0.4743028987806604,0.11827374478459846,0.3960945943340696,0.2890780910494003,0.7241559914906998,0,0,0,0,0,1,0,0,0
-0.4031201989723214,2.959317517400258,-1.105861421910885,0,-1.3481277386155168,-0.0365397532872908,0.17800000000000002,1.316979183721184,-0.26046384009939716,-0.9965748889449524,0.30063285351307534,-1.0965667242333696,0,0,0,1,0,0,0,0,0
-0.4054701359678576,3.3917722222507622,-1.4195377374456244,1,-1.3226085747049219,2.2680916535703393,0.248,0.9756729777001526,-1.6156811411394298,-2.1196954399764234,0.29622825401387753,-1.3091955951338603,1,0,0,0,0,0,0,0,0
-0.4006935477589759,-0.5003201214037766,-0.9432144434854648,0,-0.9143019521354036,0.4432977717167471,0.561,0.2957383982449038,-1.052201524184813,0.0816208400452583,0.28589079939343415,-0.8346530157069374,0,0,1,0,0,0,0,0,0
-0.39555482331602454,0.7970439931477367,-0.8793174162469068,0,-1.092936099509568,0.059427751713516275,0.529,1.5161723445648414,-0.5568302890522877,-0.7719507787386584,0.2212459648179658,-0.1742361915193206,0,0,0,0,0,1,0,0,0
-0.4008435917438085,-0.5003201214037766,-1.2380120918815392,0,-0.58255282129767,2.1382532644516,0.536,-0.2861029453986576,-1.6808581667259133,-0.232852914243553,0.2869541227785544,-1.1275457650268184,0,0,1,0,0,0,0,0,0
1.382116670369198,-0.5003201214037766,1.0332367854162956,0,1.0421672810102056,-0.5925867675566763,0.9540000000000001,-0.8919508232854048,1.4754435678624171,0.8453428147466576,-4.688286398346426,1.6802818414339655,0,0,0,0,0,0,0,0,1
-0.24639982088979268,-0.5003201214037766,1.248163149764172,0,2.6753937712882787,0.27394335112708645,1.0,-0.9594603921845406,0.195305790042192,-1.6255223975225765,0.19228314017937084,-0.7135531289689097,0,0,0,0,1,0,0,0,0
-0.3965836963548767,0.040248259659353906,-0.4523690978801783,0,-0.27632285437053106,-0.602465775424406,0.39,0.7717348854307381,-0.46506551108939675,-1.4008982873162825,0.2800750620877349,0.45801786831061525,0,0,0,0,1,0,0,0,0
-0.39992414928036063,-0.5003201214037766,-0.7297402843021006,0,-0.4889825536254887,-0.5403691545415311,0.682,-0.21041894018188098,-0.7417609361832016,0.3960945943340696,0.30063285351307534,-0.39108947707346353,0,0,0,0,1,0,0,0,0
-0.31995860241641355,-0.5003201214037766,-0.41315955843833585,0,-0.15723342278775473,0.2527740485533793,0.9440000000000001,0.3037249164862766,-0.4980534511476521,1.2047413910767284,0.2717574489902136,0.0482496469063584,0,0,0,1,0,0,0,0,0
-0.27094837058872173,-0.5003201214037766,1.248163149764172,0,0.4126945712155309,-0.6222237911598668,0.946,-0.6493955663429981,0.195305790042192,-1.6255223975225765,-0.08625546140613367,0.27777617642145747,0,0,0,0,1,0,0,0,0
-0.032499146782897316,-0.5003201214037766,1.248163149764172,1,2.6753937712882787,-1.288351178812532,1.0,-1.168190395398779,0.195305790042192,-1.6255223975225765,0.30063285351307534,2.022459428379788,0,0,0,0,1,0,0,0,0
0.6753767854500167,-0.5003201214037766,1.0332367854162956,0,1.161256712592981,0.1243469462728865,1.0,-1.0190774018804372,1.4754435678624171,0.8453428147466576,0.23259408394173545,1.1057614485372753,0,0,0,0,0,0,0,0,1
-0.4038929819017224,1.229498697998241,-1.4137289167875737,0,-1.0844297115393697,0.8793854047351232,0.345,2.341414576494013,-0.27563223478647986,0.6207187045403636,0.2779683443579319,-0.9247738616515163,1,0,0,0,0,0,0,0,0
-0.36116767518307163,-0.5003201214037766,-0.6948873603537962,1,-0.42093144986390224,-0.2143618949064348,0.9129999999999999,-0.35713597822781085,-0.4980534511476521,-0.4125522024085892,0.29533269195808315,1.2676973435939407,0,0,0,0,0,0,0,1,0
-0.3933955437147493,-0.5003201214037766,-1.175567269807494,0,-0.9483275040161968,0.4362413375255114,0.578,-0.14704356896063236,-0.76931020756443,-0.14300327016103573,0.17011723073734236,-0.8177553570923288,0,1,0,0,0,0,0,0,0
-0.4022707018251112,0.4078347587822826,-0.7762108495665064,0,-0.9993658318373867,-0.28351494998054544,0.63,1.4124415664651255,-1.0938070652556888,-0.6821011346561411,0.29126269725354303,-0.4262929325205646,0,0,0,1,0,0,0,0,0
-0.3943826751939112,0.7970439931477367,-0.8793174162469068,0,-1.092936099509568,0.8201113575287422,0.5429999999999999,1.1875975882109402,-0.5568302890522877,-0.7719507787386584,0.2825015371628278,-0.15170598003317587,0,0,0,0,0,1,0,0,0
1.3175526308807004,-0.5003201214037766,1.0332367854162956,0,0.9741161772486192,0.4701122216434435,0.9329999999999999,-1.157244167456191,1.4754435678624171,0.8453428147466576,0.18779732896461204,1.5183459463773001,0,0,0,0,0,0,0,0,1
0.6292704123964538,-0.5003201214037766,1.0332367854162956,0,1.2208014283843691,-1.1006500293256583,1.0,-1.0466074000536407,1.4754435678624171,0.8453428147466576,0.30063285351307534,1.5690389222211263,0,0,0,0,0,0,0,0,1
-0.3996703154714333,-0.5003201214037766,-1.007111470724023,0,-0.39541228595330735,0.767893744513597,0.7440000000000001,-0.4194778000295878,-0.5910359406660014,-0.7719507787386584,0.28256617947427937,-0.7797356252094597,0,0,0,0,1,0,0,0,0
-0.3927863425733237,-0.5003201214037766,-0.5917807936733958,0,-0.9228083401056019,0.6408779290713505,0.028999999999999998,0.8985795869113693,-1.2008935266062137,-0.18792809220229514,0.2634832052792896,-1.0726283745293408,0,0,1,0,0,0,0,0,0
2.0805319345058244,-0.5003201214037766,1.0332367854162956,0,1.5610569471923015,-0.7026671409399561,0.924,-0.9123399345604394,1.4754435678624171,0.8453428147466576,0.2831478116312946,1.3592263277564034,0,0,0,0,0,0,0,0,1
0.1899720848636471,-0.5003201214037766,1.0332367854162956,0,1.2208014283843691,-0.3738373076283645,0.825,-0.7706497050546679,1.4754435678624171,0.8453428147466576,0.24020358194555258,0.8875000247652488,0,0,0,0,0,0,0,0,1
-0.38125100614540314,-0.5003201214037766,-0.05736929313272884,0,-0.5740464333274717,0.014266572889606768,0.525,0.25683935645751,-0.7600939849204753,0.12654566208651774,0.29414829706749146,-0.2094396469664217,0,0,0,1,0,0,0,0,0
-0.4002490565557876,0.3645892882972322,-1.111670242568936,1,-0.9661909187536132,1.875753912537625,0.49700000000000005,0.6594538348608463,-1.3939515471962376,-1.5356727534400585,0.2358177868933,-1.330317668402121,0,0,0,0,1,0,0,0,0
-0.4017269333988757,2.959317517400258,-1.0666518824690427,0,-1.3991660664367067,-0.29339395784827643,0.32,2.5425808771384806,-0.4324991536997328,-0.8618004228211772,0.28779126345493666,-0.8290204628354012,1,0,0,0,0,0,0,0,0
0.8150970672359845,-0.5003201214037766,1.0332367854162956,0,1.0421672810102056,0.6578133711303172,0.9079999999999999,-0.934279369964682,1.4754435678624171,0.8453428147466576,-3.3823568634594725,1.8774211919377315,0,0,0,0,0,0,0,0,1
-0.3993736119525538,-0.5003201214037766,-1.2786738364878945,0,-0.8377444604036188,1.172933067090535,0.542,1.0589206854867,-1.3241312129896596,0.17147048412777557,0.30063285351307534,-1.0036296018530226,0,0,1,0,0,0,0,0,0
-0.40542839440816736,3.3917722222507622,-1.0506776256594033,0,-1.38215329049631,1.6061981264324157,0.342,1.1875975882109402,-1.083341823510535,-1.0864245330274704,0.26653102200808565,-1.3162362862232806,0,0,1,0,0,0,0,0,0
0.5233449998559415,-0.5003201214037766,1.0332367854162956,0,1.3313844719969472,1.5201096292993383,0.993,-0.6368050552330687,1.4754435678624171,0.8453428147466576,0.23178687252765354,0.6030561047526715,0,0,0,0,0,0,0,0,1
-0.39039240771757333,-0.5003201214037766,-0.3521669415288032,0,-0.31034840625132426,0.5801925950267233,0.799,-0.48407463874657564,0.07223899745107881,1.159816569035469,0.29379596564606436,-0.42770107073844865,0,0,0,0,1,0,0,0,0
-0.36405235540274816,-0.5003201214037766,-0.6948873603537962,0,-0.4464506137744972,2.433212213645257,0.865,-0.2783513247526189,-0.4980534511476521,-0.4125522024085892,0.2699306555506198,-1.3134200097875124,0,0,0,0,0,0,0,1,0
0.7280151485199767,-0.5003201214037766,1.0332367854162956,0,0.23406042384136644,0.7297889998809232,0.943,-0.8080454022319206,1.4754435678624171,0.8453428147466576,-1.7039684776916577,1.018456879028465,0,0,0,0,0,0,0,0,1
-0.39131072203075934,-0.5003201214037766,-0.05736929313272884,0,-0.5740464333274717,0.08341962796371867,0.32299999999999995,0.06445822587855296,-0.7600939849204753,0.12654566208651774,0.26479499455035954,-0.4333336236099847,0,0,0,1,0,0,0,0,0
0.9745046992423574,-0.5003201214037766,1.0332367854162956,0,0.23406042384136644,-0.6758526910132596,0.597,-0.8506088465065323,1.4754435678624171,0.8453428147466576,-3.2135666796497193,0.455201591874847,0,0,0,0,0,0,0,0,1
-0.1461208004100866,-0.5003201214037766,1.248163149764172,0,0.4126945712155309,-0.6151673569686311,0.973,-0.666871947435885,0.195305790042192,-1.6255223975225765,0.13483351058133297,-0.06017699587071319,0,0,0,0,1,0,0,0,0
-0.3979273233167988,-0.5003201214037766,-1.175567269807494,0,-0.9483275040161968,2.122729109230881,0.369,-0.14704356896063236,-0.76931020756443,-0.14300327016103573,0.2898495595394953,-1.2514619282006145,0,1,0,0,0,0,0,0,0
-0.40308522631420246,2.959317517400258,-0.8764130059178814,0,-1.2375446950029392,0.4432977717167471,0.23399999999999999,0.614729332709157,-1.0729193845096856,0.3960945943340696,0.30063285351307534,-1.0923423095797176,0,0,0,1,0,0,0,0,0
-0.3848238580248383,-0.5003201214037766,-0.05736929313272884,0,-0.5740464333274717,-0.18895873181798475,0.424,0.06445822587855296,-0.7600939849204753,0.12654566208651774,0.2901708658928286,-0.4206603796490283,0,0,0,1,0,0,0,0,0
-0.3877920213638954,0.5808166407224844,-0.8502733129566532,0,-0.8802764002546104,-0.49379668887937395,0.934,1.4142267881896677,-0.6964971745013704,0.6207187045403636,0.2392005433672159,0.27918431463934146,0,0,0,0,0,0,0,1,0
-0.38129838845640296,-0.5003201214037766,-0.5917807936733958,0,-0.9228083401056019,-0.4034743312315549,0.855,0.8837810384052955,-1.2008935266062137,-0.18792809220229514,0.2873083653143305,0.8931325776367849,0,0,1,0,0,0,0,0,0
-0.2505773613096058,-0.5003201214037766,-0.41315955843833585,0,-0.15723342278775473,-0.5163772782913287,0.82,0.08541109138239072,-0.4980534511476521,1.2047413910767284,-0.37512269700718454,2.147783729771468,0,0,0,1,0,0,0,0,0
-0.34191804726428365,0.3645892882972322,-1.0187291120401243,0,0.1575029321095817,2.795912931074782,0.67,-0.6514156856628747,-0.8825858688157717,-2.389244372223976,0.26062535651804664,-0.7065124378794894,0,0,0,0,1,0,0,0,0
-0.3799716837484094,-0.5003201214037766,-0.5235271509412998,0,-0.5400208814466786,-0.32867612880445496,0.43700000000000006,0.7552920537573229,-0.6697198760989048,0.5757938824991058,0.30063285351307534,0.046841508688474136,0,0,0,0,1,0,0,0,0
-0.4051576383453115,3.6079995746760147,-1.3817804031682948,0,-1.3055957987645253,1.1559976250315682,0.139,1.806458792879219,0.18897464943547898,-0.5922514905736237,0.2598358465572384,-1.1275457650268184,0,0,1,0,0,0,0,0,0
0.206678862092114,-0.5003201214037766,1.0332367854162956,0,1.3313844719969472,0.47857994267292686,0.982,-0.6826100863232967,1.4754435678624171,0.8453428147466576,0.16057867308853402,0.7424617883231921,0,0,0,0,0,0,0,0,1
-0.29933827192941787,-0.5003201214037766,-0.41315955843833585,0,-0.15723342278775473,-0.3794824549813538,0.888,0.30311418273840707,-0.4980534511476521,1.2047413910767284,-0.026718586795249247,0.6790955685184102,0,0,0,1,0,0,0,0,0
0.5680953362947015,-0.5003201214037766,1.0332367854162956,0,1.161256712592981,-0.17343457659726697,0.9259999999999999,-0.9475745738606147,1.4754435678624171,0.8453428147466576,0.30063285351307534,0.38197840454487675,0,0,0,0,0,0,0,0,1
-0.34658182044697544,-0.5003201214037766,-0.6948873603537962,0,-0.4464506137744972,-0.47262738630566686,0.6809999999999999,-0.06421867684568706,-0.4980534511476521,-0.4125522024085892,0.24010331388117118,-0.11368624815030673,0,0,0,0,0,0,0,1,0
-0.34623096571552475,0.3645892882972322,-1.0187291120401243,0,0.7699628659638598,1.2519651300323766,0.818,-0.7968172971749315,-0.8825858688157717,-2.389244372223976,0.2875015466990244,-0.4037627210344199,0,0,0,0,1,0,0,0,0
-0.4019852798088506,1.7700670790613715,-0.8226814148309122,0,-1.2885830228241286,-0.001257582331111028,0.456,1.6485136497762995,-0.6169949031790385,-0.7719507787386584,0.30063285351307534,-0.6839822263933447,0,0,0,0,0,1,0,0,0
-0.2002866789346583,-0.5003201214037766,1.248163149764172,1,0.4126945712155309,2.097325946142431,0.982,-0.8303606737886983,0.195305790042192,-1.6255223975225765,0.2771895913266869,-1.4838047341514817,0,0,0,0,1,0,0,0,0
0.6464036304239185,-0.5003201214037766,1.0332367854162956,0,1.0421672810102056,0.09047606215495438,0.956,-0.8644208251122011,1.4754435678624171,0.8453428147466576,-2.073536762804651,1.63662955667956,0,0,0,0,0,0,0,0,1
-0.3789822959687237,-0.5003201214037766,1.583622542766602,0,0.5743159426492987,-0.6476269542483155,0.982,-1.0051714642366345,0.40170811580946847,1.2945910351592456,0.2850523992810045,1.247983408543564,0,0,0,1,0,0,0,0,0
-0.39472337657300477,0.5808166407224844,-0.8502733129566532,0,-0.8802764002546104,0.19773386186174008,0.6779999999999999,1.6054334307919522,-0.6964971745013704,0.6207187045403636,0.30063285351307534,-0.8064902513492564,0,0,0,0,0,0,0,1,0
-0.3442375242027486,-0.5003201214037766,1.583622542766602,0,0.5743159426492987,0.026968154433831788,0.982,-0.7974750104418681,0.40170811580946847,1.2945910351592456,0.29350762145095743,0.6340351455461208,0,0,0,1,0,0,0,0,0
-0.3704500955379792,-0.5003201214037766,1.583622542766602,0,0.5743159426492987,0.1624516909055603,0.988,-0.937567936299365,0.40170811580946847,1.2945910351592456,0.30063285351307534,0.41295744533832585,0,0,0,1,0,0,0,0,0
0.23939747598771788,-0.5003201214037766,1.0332367854162956,0,-0.2082717506089446,1.051562399001278,0.77,-0.1867882420912301,1.4754435678624171,0.8453428147466576,0.29546066823088946,-0.7670623812485033,0,0,0,0,0,0,0,0,1
-0.3833324433786074,0.040248259659353906,-0.4523690978801783,0,-0.27632285437053106,-0.9665777796921762,1.0,1.0682696097810132,-0.46506551108939675,-1.4008982873162825,0.26747991602315674,2.460390414141726,0,0,0,0,1,0,0,0,0
-0.37292751351311004,-0.5003201214037766,-0.5235271509412998,0,-0.5400208814466786,-0.005491442845852701,0.289,0.7552920537573229,-0.6697198760989048,0.5757938824991058,0.30063285351307534,-0.888162267986531,0,0,0,0,1,0,0,0,0
1.0679042594250017,-0.5003201214037766,1.0332367854162956,0,0.2000348719605732,-0.8508522589559083,0.5670000000000001,-0.4625110394948683,1.4754435678624171,0.8453428147466576,0.30063285351307534,0.3242447376116309,0,0,0,0,0,0,0,0,1
-0.40496246835000294,0.25647561208460606,-1.394850249648909,0,-1.1941621163549276,1.1122477330459064,0.595,2.5438023446342197,-1.3939515471962376,0.12654566208651774,0.2889173091923375,-0.6206160065885625,0,0,1,0,0,0,0,0,0
-0.40218044980415923,2.526862812549754,-1.2699606055008184,0,-1.3311149626751202,0.7834178997343161,0.474,1.8883910741318928,-0.10642000301543994,-1.580597575481317,0.28124035118911395,-0.8994273737296034,0,0,0,0,1,0,0,0,0
-0.33519201540283994,-0.5003201214037766,-0.41315955843833585,0,-0.15723342278775473,-0.3103293999072419,0.845,0.30710744185909344,-0.4980534511476521,1.2047413910767284,0.24567284142892903,-0.30941746043618895,0,0,0,1,0,0,0,0,0
-0.13114122123258748,-0.5003201214037766,1.248163149764172,0,2.6753937712882787,-1.4732297546229105,0.94,-0.9733193503092761,0.195305790042192,-1.6255223975225765,-1.5952694289945666,0.5185678116796292,0,0,0,0,1,0,0,0,0
-0.4033740327812487,2.743090164975006,-1.166854038820418,0,-1.092936099509568,0.9993447859861326,0.158,0.7483390849354216,-1.0011320237419834,-0.008228804037258987,0.2965479439664486,-1.4753559048441773,0,0,1,0,0,0,0,0,0
1.6084687389166763,-0.5003201214037766,1.0332367854162956,0,0.9741161772486192,-0.1310959714498515,1.0,-1.1378886056006279,1.4754435678624171,0.8453428147466576,0.2905242086164696,1.3127577665662302,0,0,0,0,0,0,0,0,1
-0.05026187265650198,-0.5003201214037766,1.0332367854162956,0,0.8380139697254463,-0.7859330643965381,0.48200000000000004,-0.3484447672004343,1.4754435678624171,0.8453428147466576,0.08394851844667231,0.2355320298849363,0,0,0,0,0,0,0,0,1
0.9411001699875189,-0.5003201214037766,1.0332367854162956,0,0.8720395216062394,-0.9990373769718619,1.0,-1.1852909403391305,1.4754435678624171,0.8453428147466576,0.07518249941711885,-0.04609561369187255,0,0,0,0,0,0,0,0,1
-0.40201912431670767,-0.5003201214037766,0.42185841115645634,1,-0.05515676714537506,-0.6038770622626537,0.56,-0.3270221065059278,-0.76931020756443,-0.8618004228211772,0.2875015466990244,0.14822746037612541,0,0,0,0,1,0,0,0,0
-0.3834294643011308,0.3645892882972322,-1.111670242568936,0,-0.9661909187536132,0.7001519762777327,0.322,0.13741741898944923,-1.3939515471962376,-1.5356727534400585,0.30063285351307534,-1.071220236311457,0,0,0,0,1,0,0,0,0
0.6522406798789856,-0.5003201214037766,1.0332367854162956,0,1.5610569471923015,-0.9722229270451654,0.9390000000000001,-0.9353598989032207,1.4754435678624171,0.8453428147466576,0.30063285351307534,1.4676529705334747,0,0,0,0,0,0,0,0,1
-0.39480009079081396,-0.5003201214037766,0.13722619891197052,0,0.14049015616918506,0.6747488131892827,0.893,-0.6667779883977512,-0.7971605698402479,1.2047413910767284,0.2895924556653417,-0.8416937067963576,1,0,0,0,0,0,0,0,0
-0.4037327845645327,-0.5003201214037766,-0.841560081969577,0,-0.35288034610231583,-0.5939980543949239,0.596,0.8488282762195217,-1.3012765056825344,0.8453428147466576,0.29395612846130986,-0.26717331389966753,0,0,0,0,1,0,0,0,0
-0.3484342431770141,-0.5003201214037766,-0.6948873603537962,1,-0.42093144986390224,0.44470905855499476,0.765,0.15963873150809307,-0.4980534511476521,-0.4125522024085892,0.27341884297384383,-0.4108034121238402,0,0,0,0,0,0,0,1,0
-0.3787352310613677,-0.5003201214037766,-0.05736929313272884,0,-0.5740464333274717,-0.7520621802786059,0.727,0.25683935645751,-0.7600939849204753,0.12654566208651774,0.27660521167735647,0.7889303495133654,0,0,0,1,0,0,0,0,0
-0.3826611939727773,-0.5003201214037766,-0.05736929313272884,1,-0.5740464333274717,-0.7181912961606739,0.5379999999999999,-0.0730978059493312,-0.7600939849204753,0.12654566208651774,0.2814991585655405,0.5030782912829047,0,0,0,1,0,0,0,0,0
-0.3925742503240866,-0.5003201214037766,0.4262150266499943,0,-1.0163786077777832,0.5110395399526113,0.311,1.0110955350765956,-0.6520233967623923,-1.0414997109862119,0.30063285351307534,-0.8712646093719226,0,0,0,1,0,0,0,0,0
0.3436114845809287,-0.5003201214037766,1.0332367854162956,0,1.3313844719969472,0.0015649913453830027,0.83,-0.5044637500216105,1.4754435678624171,0.8453428147466576,0.30063285351307534,0.21581809483455958,0,0,0,0,0,0,0,0,1
-0.38301092055396607,0.45108022926733304,-0.7442623359472273,0,-1.067416935598973,0.17233069877329005,0.08900000000000001,1.6858623674344857,-0.3139529987735212,0.35116977229281177,0.2358177868933,-1.2486456517648463,0,0,0,0,0,0,1,0,0
-0.3756237926390494,-0.5003201214037766,-0.18806775793887026,0,0.24256681181156475,-0.5502481624092609,0.426,-0.6701605137705681,0.11827374478459846,0.3960945943340696,0.30063285351307534,0.15949256611919777,0,0,0,0,0,1,0,0,0
0.4772296016002833,-0.5003201214037766,1.0332367854162956,0,0.8380139697254463,-0.1508539871853122,0.654,-0.39688065135840855,1.4754435678624171,0.8453428147466576,0.30063285351307534,0.10739145205748825,0,0,0,0,0,0,0,0,1
-0.39588198689197535,0.9700258750879384,-0.7108616171634358,0,-1.0504041596585765,0.9400707387797517,0.177,0.7909025292100335,-0.3216867916091793,-0.9965748889449524,0.27984835334830255,-1.0698120980935728,0,0,0,0,0,0,1,0,0
-0.40015654823431185,1.229498697998241,-1.4137289167875737,0,-1.0844297115393697,0.24571761436214362,0.444,2.341414576494013,-0.27563223478647986,0.6207187045403636,0.30063285351307534,-0.9121006176905597,1,0,0,0,0,0,0,0,0
-0.3969368073868512,0.3645892882972322,-0.5845197678508324,1,-0.786706132582429,-0.5587158834387442,0.615,0.05135094005888785,-1.3126782373810453,0.12654566208651774,0.28279240154642643,0.1679413954265021,0,0,1,0,0,0,0,0,0
-0.40327701185872533,3.0674311936128844,-1.3004569139555846,0,-1.2035191431221461,-0.21718446858292884,0.384,1.156544126107719,-0.17861414529624323,-1.6255223975225765,0.2906205576816944,-0.7079205760973735,0,1,0,0,0,0,0,0,0
-0.24207449278567073,-0.5003201214037766,1.248163149764172,0,0.4126945712155309,1.655593165771067,0.9079999999999999,-0.8631523780973948,0.195305790042192,-1.6255223975225765,0.2269327536644269,-1.5105593602912786,0,0,0,0,1,0,0,0,0
-0.38918528693734106,-0.5003201214037766,-0.5917807936733958,0,-0.9228083401056019,-0.14803141350881693,0.065,0.8985795869113693,-1.2008935266062137,-0.18792809220229514,0.2928345625395356,-0.7065124378794894,0,0,1,0,0,0,0,0,0
-0.3992517717242686,-0.5003201214037766,0.42185841115645634,0,-0.05515676714537506,0.4602332137757138,0.851,-0.18185539258920558,-0.76931020756443,-0.8618004228211772,0.287437156183027,-0.3896813388555795,0,0,0,0,1,0,0,0,0
1.1988937863341307,-0.5003201214037766,1.0332367854162956,0,1.161256712592981,0.038258449139809164,1.0,-1.0495671097548553,1.4754435678624171,0.8453428147466576,0.30063285351307534,1.1071695867551596,0,0,0,0,0,0,0,0,1
-0.39693342293606554,1.4457260504234932,-1.0956959857592965,0,-1.0163786077777832,0.8963208467940885,0.215,1.255107157110076,0.16349160924132675,-1.4008982873162825,0.23786191982881208,-1.0360167808643557,0,0,0,0,1,0,0,0,0
-0.3677459193602065,-0.5003201214037766,-0.15757144948410381,0,-0.1061950949665649,-0.4853289678498906,0.767,-0.33153214033635015,-0.5230777057628903,0.03669601800399886,0.29852821985910405,-0.3502534687548261,0,0,0,1,0,0,0,0,0
-0.3330835025633501,0.3645892882972322,-1.0187291120401243,0,0.7699628659638598,0.742490581425147,1.0,-0.8444545295087684,-0.8825858688157717,-2.389244372223976,0.2846975241450565,-0.7825519016452277,0,0,0,0,1,0,0,0,0
-0.3922019607376598,-0.5003201214037766,-0.3521669415288032,0,-0.31034840625132426,-0.6560946752777989,0.9670000000000001,-0.7992602321664103,0.07223899745107881,1.159816569035469,0.29151946181139615,0.5650363728698024,0,0,0,0,1,0,0,0,0
-0.401544173056448,0.4078347587822826,-0.7762108495665064,0,-0.9993658318373867,-0.4486355100554644,0.214,1.4124415664651255,-1.0938070652556888,-0.6821011346561411,0.30063285351307534,-0.5671067543089691,0,0,0,1,0,0,0,0,0
0.5124752720825416,-0.5003201214037766,1.0332367854162956,0,1.2208014283843691,-1.3066979077097451,0.9890000000000001,-0.9772186503918289,1.4754435678624171,0.8453428147466576,0.30063285351307534,1.181800912303014,0,0,0,0,0,0,0,0,1
-0.40408251114572147,-0.5003201214037766,-0.5685455110411929,0,-0.7441741927314379,0.14833882252308891,0.789,0.5444479721850742,-1.1043154627589618,-0.232852914243553,0.30063285351307534,-0.4671289408392018,0,1,0,0,0,0,0,0,0
0.30222529222315253,-0.5003201214037766,1.0332367854162956,0,1.5610569471923015,0.035435875463315135,0.9640000000000001,-0.8156560843207584,1.4754435678624171,0.8453428147466576,0.020396102897320478,0.7509106176304963,0,0,0,0,0,0,0,0,1
-0.39014421465995547,-0.5003201214037766,2.4331625640065204,0,0.44672012309632414,-1.216375550061926,0.927,-0.9336216566977453,1.6420573276235721,0.8004179927053998,0.29485266555626466,0.7889303495133654,0,0,0,1,0,0,0,0,0
-0.3823701312052073,-0.5003201214037766,-0.5917807936733958,0,-0.9228083401056019,-1.007505098001344,0.62,1.0709004628487597,-1.2008935266062137,-0.18792809220229514,0.30063285351307534,0.5270166409869332,0,0,1,0,0,0,0,0,0
0.9254414443523564,-0.5003201214037766,1.0332367854162956,0,1.3739164118479386,0.7170874183366982,0.765,-0.9462591473267415,1.4754435678624171,0.8453428147466576,-2.3590080162187874,1.447939035483098,0,0,0,0,0,0,0,0,1
-0.40252340748377663,0.5808166407224844,-0.8894828523984956,0,-1.1099488754499647,0.5801925950267233,0.335,0.748151166859154,-0.7235588389115923,0.3062449502515523,0.30063285351307534,-1.0092621547245588,0,0,0,1,0,0,0,0,0
-0.391773263638138,-0.5003201214037766,-0.05736929313272884,0,-0.5740464333274717,-0.599643201747912,0.223,0.06445822587855296,-0.7600939849204753,0.12654566208651774,0.30063285351307534,-0.22352102914526234,0,0,0,1,0,0,0,0,0
-0.22521315897132357,-0.5003201214037766,-0.41315955843833585,0,-0.15723342278775473,-0.3103293999072419,0.9690000000000001,-0.02273576150961412,-0.4980534511476521,1.2047413910767284,-0.29247147823244524,1.1099858631909276,0,0,0,1,0,0,0,0,0
0.5508763788473323,-0.5003201214037766,1.0332367854162956,0,0.23406042384136644,0.04531488333104487,0.861,-0.8247231315006701,1.4754435678624171,0.8453428147466576,-1.6714269712276593,0.7297885443622357,0,0,0,0,0,0,0,0,1
-0.3140617609974658,0.3645892882972322,-1.0187291120401243,0,0.7699628659638598,1.4269646979750252,0.945,-0.8124614770242091,-0.8825858688157717,-2.389244372223976,0.2894960282346924,-0.17001177686566854,0,0,0,0,1,0,0,0,0
3.8416647453516037,-0.5003201214037766,1.0332367854162956,0,1.0421672810102056,-0.16073299505304195,0.787,-0.9138902586896471,1.4754435678624171,0.8453428147466576,-3.5548268821401,0.29044942038241384,0,0,0,0,0,0,0,0,1
0.009908021561897852,-0.5003201214037766,1.0332367854162956,0,1.3739164118479386,-1.9093173876412866,0.914,-0.965849606777639,1.4754435678624171,0.8453428147466576,0.012497827501480322,0.2172262330524436,0,0,0,0,0,0,0,0,1
-0.4027276026811804,-0.5003201214037766,-1.1000526012528344,0,-0.5740464333274717,0.12575823311113415,0.7390000000000001,-0.33641801031930785,-0.8253186771539871,-0.232852914243553,0.28991382734144205,-0.5994939333203021,0,1,0,0,0,0,0,0,0
-0.400962047521308,-0.5003201214037766,-0.841560081969577,0,-0.35288034610231583,-0.46698223895267754,0.45399999999999996,0.4716766971504454,-1.3012765056825344,0.8453428147466576,0.30063285351307534,-0.3826406477661592,0,0,0,0,1,0,0,0,0
1.209893251387649,-0.5003201214037766,1.0332367854162956,0,0.48925206294731566,-0.12262825042036815,0.88,-0.8724073433535741,1.4754435678624171,0.8453428147466576,0.25660688884068933,0.09190193166076359,0,0,0,0,0,0,0,0,1
-0.4011166041071882,0.4078347587822826,-0.7762108495665064,0,-0.9993658318373867,0.2753546379653341,0.21100000000000002,1.4124415664651255,-1.0938070652556888,-0.6821011346561411,0.30063285351307534,-1.010670292942443,0,0,0,1,0,0,0,0,0
-0.4036515577456759,-0.5003201214037766,-0.9577364951305917,0,-0.9738466679267918,-0.4260549206435097,0.485,1.9756790205581938,-0.14949059649211352,0.21639530616903502,0.26423765036719693,-0.27139772855331984,0,0,1,0,0,0,0,0,0
-0.34510732805467303,0.3645892882972322,-1.0187291120401243,0,0.7699628659638598,1.2561989905471183,0.9159999999999999,-0.8823200218766901,-0.8825858688157717,-2.389244372223976,0.2715944496810356,-0.6135753154991425,0,0,0,0,1,0,0,0,0
-0.39519155893169294,0.7970439931477367,-0.8793174162469068,0,-1.092936099509568,-0.31174068674548955,0.6509999999999999,1.1875975882109402,-0.5568302890522877,-0.7719507787386584,0.29334740181807994,-0.008075881809003418,0,0,0,0,0,1,0,0,0
-0.33611709861759737,-0.5003201214037766,-0.41315955843833585,0,-0.15723342278775473,-0.5177885651295764,0.618,0.42248914068740057,-0.4980534511476521,1.2047413910767284,0.30063285351307534,-0.5910451040129978,0,0,0,1,0,0,0,0,0
-0.3785581114702495,-0.5003201214037766,-0.15757144948410381,0,-0.1061950949665649,-0.8621425536618857,0.777,0.06427030780228539,-0.5230777057628903,0.03669601800399886,0.2991025583166261,-0.13480832141856744,0,0,0,1,0,0,0,0,0
-0.4007781590286184,-0.5003201214037766,-1.1000526012528344,0,-0.5740464333274717,0.9753529097359303,0.863,-0.1815735154748042,-0.8253186771539871,-0.232852914243553,0.30063285351307534,-0.979691252148994,0,1,0,0,0,0,0,0,0
2.1421289388055267,-0.5003201214037766,1.0332367854162956,0,1.2208014283843691,-1.8570997746261413,0.895,-1.0757347018751189,1.4754435678624171,0.8453428147466576,0.30063285351307534,2.7504668870258384,0,0,0,0,0,0,0,0,1
-0.38213209149994654,0.3645892882972322,-0.5845197678508324,1,-0.786706132582429,1.9406731070969954,0.518,0.26228898066927064,-1.3126782373810453,0.12654566208651774,0.2809491295651196,-0.8276123246175172,0,0,1,0,0,0,0,0,0
-0.18038385201423057,-0.5003201214037766,1.248163149764172,0,0.4126945712155309,2.2765593745998225,0.9620000000000001,-0.8279177387972194,0.195305790042192,-1.6255223975225765,0.2094869379481751,-1.2331561313681219,0,0,0,0,1,0,0,0,0
-0.3996985192279807,-0.5003201214037766,-1.12474008904955,0,-0.8207316844632222,-0.6321027990275965,0.258,0.6607222818756525,0.36055848005932084,-0.6371763126148832,0.25370037420452246,-0.3502534687548261,0,0,0,1,0,0,0,0,0
-0.38018716044843215,-0.5003201214037766,-0.18806775793887026,0,0.24256681181156475,-0.418998486452274,0.653,-0.6572881255462373,0.11827374478459846,0.3960945943340696,0.30063285351307534,0.06514730552096681,0,0,0,0,0,1,0,0,0
-0.29703684539514336,-0.5003201214037766,1.583622542766602,0,0.5743159426492987,-0.7887556380730334,0.9840000000000001,-0.6869322020774514,0.40170811580946847,1.2945910351592456,-0.22094191808465757,0.683319983172062,0,0,0,1,0,0,0,0,0
-0.39869897809593796,0.9267804046028879,-1.2786738364878945,0,-0.718655028820843,1.5582143739320122,0.7190000000000001,-0.3330824644655578,-1.3241312129896596,0.03669601800399886,0.30063285351307534,-0.8431018450142417,0,0,0,0,0,0,1,0,0
0.23495143580557268,-0.5003201214037766,1.0332367854162956,0,0.22555403587116812,-0.2849262368187931,0.7979999999999999,-0.1232249527937139,1.4754435678624171,0.8453428147466576,0.2871151544145151,0.35522377840508,0,0,0,0,0,0,0,0,1
-0.35352332900844186,-0.5003201214037766,-0.15757144948410381,0,-0.1061950949665649,-0.28633752365703946,0.588,0.09100165415135178,-0.5230777057628903,0.03669601800399886,0.2984963045174839,0.03839267938117005,0,0,0,1,0,0,0,0,0
-0.39277167661991896,0.7970439931477367,-0.8793174162469068,0,-1.092936099509568,0.10882279105216745,0.078,1.5161723445648414,-0.5568302890522877,-0.7719507787386584,0.22787807050055875,-1.0233435369033992,0,0,0,0,0,1,0,0,0
-0.40562920515478545,2.743090164975006,-1.0143724965465863,0,-1.2460510829731375,-0.6038770622626537,0.47600000000000003,1.6496881377529724,0.5817941728897332,1.2496662131179879,0.30063285351307534,0.3298772904831672,0,0,1,0,0,0,0,0,0
0.06918554892313529,-0.5003201214037766,1.0332367854162956,1,1.8162485862982507,-0.7238364435136632,0.89,-0.8942528197196827,1.4754435678624171,0.8453428147466576,0.15254469448557736,0.3073470789970225,0,0,0,0,0,0,0,0,1
-0.3971534122371359,0.4078347587822826,-0.7762108495665064,0,-0.9993658318373867,-0.4980305493941156,0.457,1.4124415664651255,-1.0938070652556888,-0.6821011346561411,0.29635613969317415,0.13977863106882107,0,0,0,1,0,0,0,0,0
0.009474811861328486,-0.5003201214037766,1.0332367854162956,0,1.3313844719969472,0.08483091480196632,0.884,-0.5830604854205348,1.4754435678624171,0.8453428147466576,0.28308319904500195,0.3087552172149065,0,0,0,0,0,0,0,0,1
-0.397634004248705,-0.5003201214037766,-1.007111470724023,0,-0.39541228595330735,-0.6448043805718215,0.687,-0.5197320937183529,-0.5910359406660014,-0.7719507787386584,0.28888515036774903,-0.39672202994499955,0,0,0,0,1,0,0,0,0
0.7967759069827397,-0.5003201214037766,1.0332367854162956,0,1.5610569471923015,0.2019677223764805,0.948,-0.8551658598560217,1.4754435678624171,0.8453428147466576,-2.5081519264904233,1.6225481745007198,0,0,0,0,0,0,0,0,1
-0.3977208718188713,1.4457260504234932,-1.0956959857592965,0,-1.0163786077777832,1.2265619669439265,0.389,0.3563419778412051,0.16349160924132675,-1.4008982873162825,0.30063285351307534,-0.9951807725457185,0,0,0,0,1,0,0,0,0
-0.40205635327535033,-0.5003201214037766,0.13722619891197052,0,0.14049015616918506,-0.27645851578930974,0.767,-0.7144152207315881,-0.7971605698402479,1.2047413910767284,0.30063285351307534,-0.47557777014650615,1,0,0,0,0,0,0,0,0
0.2495497001945498,-0.5003201214037766,1.0332367854162956,0,1.3313844719969472,0.2781772116418281,0.899,-0.47289351320865336,1.4754435678624171,0.8453428147466576,0.2907811231460033,-0.3051930457825369,0,0,0,0,0,0,0,0,1
-0.39827930619851143,1.4457260504234932,-1.0956959857592965,0,-1.0163786077777832,0.6578133711303172,0.41100000000000003,-0.00920566001834663,0.16349160924132675,-1.4008982873162825,0.2909416682259641,-0.8135309424386767,0,0,0,0,1,0,0,0,0
-0.1308196984079462,-0.5003201214037766,1.248163149764172,0,0.4126945712155309,0.12152437259639248,0.9520000000000001,-0.7261601004983131,0.195305790042192,-1.6255223975225765,0.06735191256067384,-0.1601548093404802,0,0,0,0,1,0,0,0,0
-0.3897392087159336,0.5808166407224844,-0.8502733129566532,0,-0.8802764002546104,-0.24117634483313125,0.292,1.8822837366531957,-0.6964971745013704,0.6207187045403636,0.28065784086083473,-0.7881844545167639,0,0,0,0,0,0,0,1,0
-0.3785231388121306,-0.5003201214037766,-0.5917807936733958,0,-0.9228083401056019,-1.29399632616552,0.953,0.9686260498401177,-1.2008935266062137,-0.18792809220229514,0.30063285351307534,2.5843065773155214,0,0,1,0,0,0,0,0,0
-0.4037237593624375,1.8781807552739975,-1.0463210101658653,0,-0.6165783731784633,0.7876517602490565,0.281,1.2483421063644424,-0.022403070623750923,-0.3227025583260703,0.2718552384920335,-1.1050155535406738,0,0,0,0,1,0,0,0,0
-0.3698837641065057,-0.5003201214037766,-0.6948873603537962,0,-0.42093144986390224,-0.3244422682897133,0.615,-0.07342666258279956,-0.4980534511476521,-0.4125522024085892,0.23474413207736208,-0.22211289092737807,0,0,0,0,0,0,0,1,0
-0.39788896620789427,0.45108022926733304,-0.7442623359472273,0,-1.067416935598973,0.9047885678235719,0.068,2.3952531053446813,-0.3139529987735212,0.35116977229281177,0.265712438069862,-1.2570944810721507,0,0,0,0,0,0,1,0,0
-0.31104057459609946,-0.5003201214037766,-0.41315955843833585,0,-0.15723342278775473,-0.4952079757176216,0.892,0.0958875241343093,-0.4980534511476521,1.2047413910767284,0.28663199797711647,0.19328788334841485,0,0,0,1,0,0,0,0,0
-0.37677337775592484,-0.5003201214037766,-0.15757144948410381,0,-0.1061950949665649,-0.07041063740522294,0.828,-0.2562239712721089,-0.5230777057628903,0.03669601800399886,0.2893995934507476,-0.6417380798568233,0,0,0,1,0,0,0,0,0
0.3601106821612062,-0.5003201214037766,1.0332367854162956,0,1.3313844719969472,-0.331498702480949,0.8440000000000001,-0.5124032887439167,1.4754435678624171,0.8453428147466576,0.30063285351307534,0.3157959083043266,0,0,0,0,0,0,0,0,1
-0.26349806625913863,-0.5003201214037766,1.248163149764172,1,0.4126945712155309,-0.09299122681717768,0.9259999999999999,-0.9441920484877979,0.195305790042192,-1.6255223975225765,0.10092727071744248,-0.979691252148994,0,0,0,0,1,0,0,0,0
-0.39535288441914457,1.229498697998241,-0.6643910518990299,1,-0.9313147280758002,1.3422874876801956,0.49,0.4599318173837205,-0.9809873909042665,-0.3227025583260703,0.2760205618571189,-0.9022436501653716,0,0,0,1,0,0,0,0,0
0.7172119816120289,-0.5003201214037766,1.0332367854162956,0,1.5610569471923015,0.23866118017090793,1.0,-0.8596289141673773,1.4754435678624171,0.8453428147466576,0.26780695583532627,0.9001732687262052,0,0,0,0,0,0,0,0,1
-0.3993668430509823,1.4457260504234932,-1.0956959857592965,0,-1.0163786077777832,0.5971280370856887,0.308,1.255107157110076,0.16349160924132675,-1.4008982873162825,0.27751413003879283,-1.0937504477976014,0,0,0,0,1,0,0,0,0
1.4894601677889179,-0.5003201214037766,1.0332367854162956,0,1.2208014283843691,-1.4661733204316747,0.981,-1.119096797973868,1.4754435678624171,0.8453428147466576,0.30063285351307534,2.5843065773155214,0,0,0,0,0,0,0,0,1
-0.39783932759637064,-0.5003201214037766,0.4262150266499943,0,-1.0163786077777832,-0.26657950792158003,0.184,0.7960702763073925,-0.6520233967623923,-1.0414997109862119,0.30063285351307534,-0.5459846810407083,0,0,0,1,0,0,0,0,0
2.8256413379824634,-0.5003201214037766,1.0332367854162956,0,0.3446434674539444,-1.6383503146978295,1.0,-1.0423792433376198,1.4754435678624171,0.8453428147466576,-0.4985528505169333,1.0733742695259423,0,0,0,0,0,0,0,0,1
-0.40429460339495854,1.8781807552739975,-1.0463210101658653,0,-0.6165783731784633,0.5364427030410601,0.564,0.903841293046862,-0.022403070623750923,-0.3227025583260703,0.30063285351307534,-0.7431240315444746,0,0,0,0,1,0,0,0,0
-0.338172588394778,0.3645892882972322,-1.0187291120401243,0,0.7699628659638598,3.3703066742413808,0.8690000000000001,-0.9429705809920587,-0.8825858688157717,-2.389244372223976,0.2774816799152705,-1.0332005044285877,0,0,0,0,1,0,0,0,0
-0.35154793789985617,-0.5003201214037766,-0.15757144948410381,0,-0.1061950949665649,0.4503542059079828,0.825,-0.2305261743425144,-0.5230777057628903,0.03669601800399886,0.30063285351307534,-1.114872521065862,0,0,0,1,0,0,0,0,0
-0.09873059235848218,-0.5003201214037766,1.248163149764172,0,2.6753937712882787,-1.0145615321925796,0.9490000000000001,-1.0723051969832351,0.195305790042192,-1.6255223975225765,0.14827488642859726,1.2662892053760564,0,0,0,0,1,0,0,0,0
-0.3687996117048205,-0.5003201214037766,1.583622542766602,0,0.5743159426492987,0.20055643553823413,0.9890000000000001,-0.7938106079546497,0.40170811580946847,1.2945910351592456,0.294692616255474,0.020086882548677368,0,0,0,1,0,0,0,0,0
-0.2383561095224506,-0.5003201214037766,1.248163149764172,0,2.6753937712882787,-1.2869398919742843,1.0,-1.0413456939181478,0.195305790042192,-1.6255223975225765,0.11088770957164276,0.11584028136479232,0,0,0,0,1,0,0,0,0
0.07357630974244743,-0.5003201214037766,1.0332367854162956,0,1.8162485862982507,-0.2877488104952871,0.813,-0.6103086064793369,1.4754435678624171,0.8453428147466576,0.2808520407852496,0.029943850073865717,0,0,0,0,0,0,0,0,1
-0.3994243787143392,-0.5003201214037766,-1.175567269807494,0,-0.9483275040161968,1.552569226579024,0.625,-0.14704356896063236,-0.76931020756443,-0.14300327016103573,0.30063285351307534,-0.8825297151149949,0,1,0,0,0,0,0,0,0
0.5255065357577406,-0.5003201214037766,1.0332367854162956,1,0.9485970133380243,-0.6222237911598668,0.8959999999999999,-1.2583910720072276,1.4754435678624171,0.8453428147466576,0.1339250483515989,-0.5037405345041869,0,0,0,0,0,0,0,0,1
-0.3990960869881265,-0.5003201214037766,-0.9432144434854648,0,-0.9143019521354036,-0.2750472289510621,0.568,-0.028467262835775956,-1.052201524184813,0.0816208400452583,0.29504469798303207,-0.5656986160910851,0,0,1,0,0,0,0,0,0
0.4674045409694022,-0.5003201214037766,1.0332367854162956,0,1.3313844719969472,-0.02101559806657175,0.8370000000000001,-0.4815847242360299,1.4754435678624171,0.8453428147466576,-0.17626019775257667,0.5312410556405855,0,0,0,0,0,0,0,0,1
-0.402037174720898,-0.5003201214037766,-1.12474008904955,0,-0.8207316844632222,-0.24258763167137762,0.322,0.9703173125265259,0.36055848005932084,-0.6371763126148832,0.20698471803300456,-0.4741696319286221,0,0,0,1,0,0,0,0,0
-0.37449789867767386,-0.5003201214037766,-0.05736929313272884,0,-0.5740464333274717,-1.275649597268307,0.098,-0.10368147286188341,-0.7600939849204753,0.12654566208651774,0.13773621185554427,2.406881161862132,0,0,0,1,0,0,0,0,0
0.018710978055498144,-0.5003201214037766,1.0332367854162956,0,0.8380139697254463,-0.5135547046148347,0.847,-0.44005482938088997,1.4754435678624171,0.8453428147466576,-3.3568202950879806,0.6607897716859173,0,0,0,0,0,0,0,0,1
-0.3990802928844599,-0.5003201214037766,2.12965168462337,0,0.20854125993077152,-0.44016778902598236,0.841,-0.7567437674108655,-1.747746069327643,0.35116977229281177,0.23782843607853138,0.2552459649353127,0,1,0,0,0,0,0,0,0
-0.40181492911930383,-0.5003201214037766,0.13722619891197052,0,0.14049015616918506,-0.4034743312315549,0.8079999999999999,-0.6122347667610799,-0.7971605698402479,1.2047413910767284,0.30063285351307534,-0.6445543562925915,1,0,0,0,0,0,0,0,0
-0.2659427678766745,-0.5003201214037766,-0.41315955843833585,0,-0.15723342278775473,-1.0526662768252535,0.981,-0.004836564745125065,-0.4980534511476521,1.2047413910767284,0.23413980042205276,1.2057392620070426,0,0,0,1,0,0,0,0,0
-0.39297248736653706,1.4457260504234932,-1.0956959857592965,0,-1.0163786077777832,0.3388625456864567,0.29100000000000004,0.3563419778412051,0.16349160924132675,-1.4008982873162825,0.25502234540859026,-1.1120562446300941,0,0,0,0,1,0,0,0,0
-0.389252975953055,-0.5003201214037766,-0.025420779513449742,0,-1.2205319190625428,-0.5008531230706097,0.175,0.6948763922372891,-0.5147089534682846,0.3960945943340696,0.23538172455552378,-0.3629267127157825,0,0,0,1,0,0,0,0,0
-0.38784955702725227,-0.5003201214037766,-0.3521669415288032,0,-0.31034840625132426,-0.677263977851506,0.919,-0.7503545528177671,0.07223899745107881,1.159816569035469,0.29670775864126175,0.8734186425864082,0,0,0,0,1,0,0,0,0
-0.37341374627598867,0.3645892882972322,-0.5845197678508324,0,-0.786706132582429,-0.6490382410865632,0.42100000000000004,0.2916511800860834,-1.3126782373810453,0.12654566208651774,0.2740697746771351,0.07641241126403918,0,0,1,0,0,0,0,0,0
-0.4054701359678576,2.959317517400258,-1.30336132428461,0,-1.0333913837181798,0.4503542059079828,0.297,2.1308993515552324,-0.7326436356402839,-0.5922514905736237,0.2814991585655405,-0.9106924794726757,0,0,0,1,0,0,0,0,0
0.8518973287791402,-0.5003201214037766,1.0332367854162956,0,1.5610569471923015,0.44188648487849946,0.946,-0.7908978777725021,1.4754435678624171,0.8453428147466576,-1.3238293869000024,1.5225703610309524,0,0,0,0,0,0,0,0,1
-0.3813559241197598,-0.5003201214037766,-0.3521669415288032,0,-0.31034840625132426,0.12575823311113415,0.8540000000000001,-0.5137187152777898,0.07223899745107881,1.159816569035469,-1.8793124526509626,-0.2573163463744792,0,0,0,0,1,0,0,0,0
